# Object File created by Chestnut Pens Height Map to OBJ File Program
g Height_Map
usemtl Height_Map_MTL
v 0 0.828125 -103.125
v 3.125 0.931640625 -103.125
v 6.25 0.9609375 -103.125
v 9.375 0.986328125 -103.125
v 12.5 0.884765625 -103.125
v 15.625 0.805338561534882 -103.125
v 18.75 0.690755188465118 -103.125
v 21.875 0.652994751930237 -103.125
v 25 0.602864623069763 -103.125
v 28.125 0.567057251930237 -103.125
v 31.25 0.557942748069763 -103.125
v 34.375 0.595703125 -103.125
v 37.5 0.59375 -103.125
v 40.625 0.658854126930237 -103.125
v 43.75 0.680989563465118 -103.125
v 46.875 0.680338501930237 -103.125
v 50 0.71484375 -103.125
v 53.125 0.76953125 -103.125
v 56.25 0.833984375 -103.125
v 59.375 0.9296875 -103.125
v 62.5 0.947265625 -103.125
v 65.625 0.962890625 -103.125
v 68.75 1.0078125 -103.125
v 71.875 1.02734375 -103.125
v 75 1.03841137886047 -103.125
v 78.125 1.06705737113953 -103.125
v 81.25 1.03059899806976 -103.125
v 84.375 1.09895825386047 -103.125
v 87.5 1.16080725193024 -103.125
v 90.625 1.18294262886047 -103.125
v 93.75 1.21158850193024 -103.125
v 96.875 1.130859375 -103.125
v 100 0.977213501930237 -103.125
v 0 1.05078125 -100
v 3.125 1.890625 -100
v 6.25 2.271484375 -100
v 9.375 2.330078125 -100
v 12.5 2.2421875 -100
v 15.625 1.87630200386047 -100
v 18.75 1.43294262886047 -100
v 21.875 1.31901037693024 -100
v 25 1.28906261920929 -100
v 28.125 1.20638012886047 -100
v 31.25 1.19466137886047 -100
v 34.375 1.263671875 -100
v 37.5 1.3125 -100
v 40.625 1.376953125 -100
v 43.75 1.46354162693024 -100
v 46.875 1.55859375 -100
v 50 1.603515625 -100
v 53.125 1.51953125 -100
v 56.25 1.42578125 -100
v 59.375 1.361328125 -100
v 62.5 1.326171875 -100
v 65.625 1.353515625 -100
v 68.75 1.49609375 -100
v 71.875 1.69140625 -100
v 75 1.84635424613953 -100
v 78.125 2.01041650772095 -100
v 81.25 2.29752612113953 -100
v 84.375 2.35677075386047 -100
v 87.5 2.39388036727905 -100
v 90.625 2.45312476158142 -100
v 93.75 2.40755200386047 -100
v 96.875 2.00260400772095 -100
v 100 1.10742199420929 -100
v 0 1.19986987113953 -96.875
v 3.125 2.24934911727905 -96.875
v 6.25 3.33072900772095 -96.875
v 9.375 3.654296875 -96.875
v 12.5 3.65625 -96.875
v 15.625 3.25130224227905 -96.875
v 18.75 2.74934911727905 -96.875
v 21.875 2.33854150772095 -96.875
v 25 2.244140625 -96.875
v 28.125 2.32812476158142 -96.875
v 31.25 2.419921875 -96.875
v 34.375 2.42513036727905 -96.875
v 37.5 2.28971338272095 -96.875
v 40.625 2.29296875 -96.875
v 43.75 2.47200512886047 -96.875
v 46.875 2.66276025772095 -96.875
v 50 2.65625 -96.875
v 53.125 2.673828125 -96.875
v 56.25 2.583984375 -96.875
v 59.375 2.337890625 -96.875
v 62.5 2.3125 -96.875
v 65.625 2.33072900772095 -96.875
v 68.75 2.58333325386047 -96.875
v 71.875 3.08268213272095 -96.875
v 75 3.62239599227905 -96.875
v 78.125 3.78645849227905 -96.875
v 81.25 3.89648485183716 -96.875
v 84.375 3.947265625 -96.875
v 87.5 3.94856762886047 -96.875
v 90.625 3.99479174613953 -96.875
v 93.75 3.64518237113953 -96.875
v 96.875 2.39453101158142 -96.875
v 100 1.23763012886047 -96.875
v 0 1.07161450386047 -93.75
v 3.125 2.04557275772095 -93.75
v 6.25 3.078125 -93.75
v 9.375 3.94075512886047 -93.75
v 12.5 4.623046875 -93.75
v 15.625 4.51953125 -93.75
v 18.75 3.81705713272095 -93.75
v 21.875 3.36132764816284 -93.75
v 25 3.32486963272095 -93.75
v 28.125 3.25455713272095 -93.75
v 31.25 3.22526049613953 -93.75
v 34.375 3.31380200386047 -93.75
v 37.5 3.4296875 -93.75
v 40.625 3.55012965202332 -93.75
v 43.75 3.724609375 -93.75
v 46.875 3.87890625 -93.75
v 50 4.04752635955811 -93.75
v 53.125 3.94010400772095 -93.75
v 56.25 3.69856762886047 -93.75
v 59.375 3.79231786727905 -93.75
v 62.5 4.05078125 -93.75
v 65.625 4.28841114044189 -93.75
v 68.75 4.40364551544189 -93.75
v 71.875 4.58137989044189 -93.75
v 75 4.99088573455811 -93.75
v 78.125 5.20963525772095 -93.75
v 81.25 5.33658885955811 -93.75
v 84.375 5.35677051544189 -93.75
v 87.5 5.28515625 -93.75
v 90.625 4.88281202316284 -93.75
v 93.75 3.658203125 -93.75
v 96.875 2.234375 -93.75
v 100 1.10221350193024 -93.75
v 0 0.920572876930237 -90.625
v 3.125 1.90299487113953 -90.625
v 6.25 2.92447900772095 -90.625
v 9.375 3.90104150772095 -90.625
v 12.5 4.81770849227905 -90.625
v 15.625 4.517578125 -90.625
v 18.75 4.138671875 -90.625
v 21.875 4.26953125 -90.625
v 25 3.958984375 -90.625
v 28.125 3.732421875 -90.625
v 31.25 3.66796875 -90.625
v 34.375 3.798828125 -90.625
v 37.5 3.98567700386047 -90.625
v 40.625 4.05729150772095 -90.625
v 43.75 4.17773389816284 -90.625
v 46.875 4.32356739044189 -90.625
v 50 4.59440088272095 -90.625
v 53.125 4.66015625 -90.625
v 56.25 4.78125 -90.625
v 59.375 5.08723974227905 -90.625
v 62.5 5.40950489044189 -90.625
v 65.625 5.51302051544189 -90.625
v 68.75 5.55598926544189 -90.625
v 71.875 5.61197900772095 -90.625
v 75 5.86653614044189 -90.625
v 78.125 6.439453125 -90.625
v 81.25 6.68163967132568 -90.625
v 84.375 6.48046875 -90.625
v 87.5 5.77994775772095 -90.625
v 90.625 4.3359375 -90.625
v 93.75 2.7734375 -90.625
v 96.875 1.61002600193024 -90.625
v 100 0.81640625 -90.625
v 0 1.0234375 -87.5
v 3.125 2.025390625 -87.5
v 6.25 3.25716137886047 -87.5
v 9.375 4.8359375 -87.5
v 12.5 5.77148389816284 -87.5
v 15.625 5.27473926544189 -87.5
v 18.75 5.05273389816284 -87.5
v 21.875 5.04947948455811 -87.5
v 25 5.10091161727905 -87.5
v 28.125 4.8125 -87.5
v 31.25 4.44531297683716 -87.5
v 34.375 4.36848926544189 -87.5
v 37.5 4.40299463272095 -87.5
v 40.625 4.4140625 -87.5
v 43.75 4.46028614044189 -87.5
v 46.875 4.73046875 -87.5
v 50 4.96744775772095 -87.5
v 53.125 5.01171875 -87.5
v 56.25 4.95572948455811 -87.5
v 59.375 5.255859375 -87.5
v 62.5 5.583984375 -87.5
v 65.625 5.60611963272095 -87.5
v 68.75 5.65950489044189 -87.5
v 71.875 5.89843702316284 -87.5
v 75 6.03776073455811 -87.5
v 78.125 6.859375 -87.5
v 81.25 7.26692676544189 -87.5
v 84.375 6.72395706176758 -87.5
v 87.5 4.65950489044189 -87.5
v 90.625 3.650390625 -87.5
v 93.75 2.56510400772095 -87.5
v 96.875 1.724609375 -87.5
v 100 0.9140625 -87.5
v 0 0.94921875 -84.375
v 3.125 1.91210913658142 -84.375
v 6.25 3.38606762886047 -84.375
v 9.375 4.84179735183716 -84.375
v 12.5 6.056640625 -84.375
v 15.625 6.728515625 -84.375
v 18.75 7.13151025772095 -84.375
v 21.875 6.451171875 -84.375
v 25 6.01692676544189 -84.375
v 28.125 5.84700489044189 -84.375
v 31.25 5.35807275772095 -84.375
v 34.375 4.66992235183716 -84.375
v 37.5 4.53190135955811 -84.375
v 40.625 4.5390625 -84.375
v 43.75 4.61002635955811 -84.375
v 46.875 4.71549510955811 -84.375
v 50 5.02278614044189 -84.375
v 53.125 4.91862010955811 -84.375
v 56.25 4.76887989044189 -84.375
v 59.375 4.947265625 -84.375
v 62.5 5.05729150772095 -84.375
v 65.625 5.21354150772095 -84.375
v 68.75 5.04427051544189 -84.375
v 71.875 5.52408838272095 -84.375
v 75 5.4453125 -84.375
v 78.125 5.65299510955811 -84.375
v 81.25 5.98958301544189 -84.375
v 84.375 5.45442724227905 -84.375
v 87.5 4.52473926544189 -84.375
v 90.625 3.02148413658142 -84.375
v 93.75 2.51953148841858 -84.375
v 96.875 1.77994787693024 -84.375
v 100 0.895833373069763 -84.375
v 0 0.87109375 -81.25
v 3.125 1.70052075386047 -81.25
v 6.25 2.71874976158142 -81.25
v 9.375 3.84244799613953 -81.25
v 12.5 5.55794286727905 -81.25
v 15.625 7.42903661727905 -81.25
v 18.75 7.490234375 -81.25
v 21.875 7.46679592132568 -81.25
v 25 7.23372364044189 -81.25
v 28.125 7.01888036727905 -81.25
v 31.25 6.595703125 -81.25
v 34.375 6.484375 -81.25
v 37.5 6.44986963272095 -81.25
v 40.625 6.17708301544189 -81.25
v 43.75 5.90364551544189 -81.25
v 46.875 5.32682275772095 -81.25
v 50 4.67317676544189 -81.25
v 53.125 4.51236963272095 -81.25
v 56.25 4.50325489044189 -81.25
v 59.375 4.564453125 -81.25
v 62.5 4.64127588272095 -81.25
v 65.625 4.578125 -81.25
v 68.75 4.79492139816284 -81.25
v 71.875 5.11458301544189 -81.25
v 75 5.36848926544189 -81.25
v 78.125 5.02539110183716 -81.25
v 81.25 5.15234375 -81.25
v 84.375 4.78580713272095 -81.25
v 87.5 3.70442652702332 -81.25
v 90.625 3.10872387886047 -81.25
v 93.75 2.47265625 -81.25
v 96.875 1.59505200386047 -81.25
v 100 0.882161438465118 -81.25
v 0 0.91015625 -78.125
v 3.125 1.72135424613953 -78.125
v 6.25 2.69335961341858 -78.125
v 9.375 3.6171875 -78.125
v 12.5 4.84830760955811 -78.125
v 15.625 6.984375 -78.125
v 18.75 7.89908885955811 -78.125
v 21.875 7.990234375 -78.125
v 25 7.94466114044189 -78.125
v 28.125 7.94986963272095 -78.125
v 31.25 7.92643213272095 -78.125
v 34.375 7.81054592132568 -78.125
v 37.5 7.529296875 -78.125
v 40.625 7.35416698455811 -78.125
v 43.75 6.78971338272095 -78.125
v 46.875 6.42382717132568 -78.125
v 50 6.16861963272095 -78.125
v 53.125 6.01041698455811 -78.125
v 56.25 5.865234375 -78.125
v 59.375 5.95507860183716 -78.125
v 62.5 6.02799510955811 -78.125
v 65.625 5.421875 -78.125
v 68.75 5.18424510955811 -78.125
v 71.875 4.94466114044189 -78.125
v 75 4.23502588272095 -78.125
v 78.125 4.07552099227905 -78.125
v 81.25 4.04361963272095 -78.125
v 84.375 4.13932323455811 -78.125
v 87.5 3.85807299613953 -78.125
v 90.625 3.14322900772095 -78.125
v 93.75 2.38867163658142 -78.125
v 96.875 1.62174487113953 -78.125
v 100 0.927083313465118 -78.125
v 0 0.91015625 -75
v 3.125 1.783203125 -75
v 6.25 2.94791650772095 -75
v 9.375 3.95703077316284 -75
v 12.5 4.66666698455811 -75
v 15.625 5.48958301544189 -75
v 18.75 6.75520849227905 -75
v 21.875 7.04231786727905 -75
v 25 6.63151025772095 -75
v 28.125 6.85872411727905 -75
v 31.25 7.22721338272095 -75
v 34.375 7.361328125 -75
v 37.5 7.56315135955811 -75
v 40.625 7.73958349227905 -75
v 43.75 7.919921875 -75
v 46.875 7.958984375 -75
v 50 7.87565088272095 -75
v 53.125 7.74869775772095 -75
v 56.25 7.56575536727905 -75
v 59.375 7.712890625 -75
v 62.5 7.40494775772095 -75
v 65.625 6.39778614044189 -75
v 68.75 5.32682323455811 -75
v 71.875 4.60091114044189 -75
v 75 4.21484422683716 -75
v 78.125 4.05598926544189 -75
v 81.25 4.04817676544189 -75
v 84.375 3.96614575386047 -75
v 87.5 3.591796875 -75
v 90.625 2.99544286727905 -75
v 93.75 2.31315088272095 -75
v 96.875 1.70377600193024 -75
v 100 0.981770873069763 -75
v 0 0.967447936534882 -71.875
v 3.125 1.96809887886047 -71.875
v 6.25 3.392578125 -71.875
v 9.375 4.56380224227905 -71.875
v 12.5 4.88997364044189 -71.875
v 15.625 5.04947948455811 -71.875
v 18.75 4.919921875 -71.875
v 21.875 4.72526025772095 -71.875
v 25 4.56901025772095 -71.875
v 28.125 4.48177051544189 -71.875
v 31.25 4.67708301544189 -71.875
v 34.375 4.99544286727905 -71.875
v 37.5 5.48828125 -71.875
v 40.625 6.072265625 -71.875
v 43.75 6.89973974227905 -71.875
v 46.875 7.275390625 -71.875
v 50 7.25 -71.875
v 53.125 7.259765625 -71.875
v 56.25 7.427734375 -71.875
v 59.375 7.43880176544189 -71.875
v 62.5 6.87369775772095 -71.875
v 65.625 5.74674510955811 -71.875
v 68.75 4.85416698455811 -71.875
v 71.875 4.34244775772095 -71.875
v 75 4.16927051544189 -71.875
v 78.125 3.88151049613953 -71.875
v 81.25 3.76106786727905 -71.875
v 84.375 3.65950536727905 -71.875
v 87.5 3.39388012886047 -71.875
v 90.625 2.95247387886047 -71.875
v 93.75 2.42252588272095 -71.875
v 96.875 1.79231762886047 -71.875
v 100 0.916015625 -71.875
v 0 0.922526061534882 -68.75
v 3.125 2.14778661727905 -68.75
v 6.25 3.48307299613953 -68.75
v 9.375 4.45442676544189 -68.75
v 12.5 5.41015625 -68.75
v 15.625 5.31054639816284 -68.75
v 18.75 4.68489551544189 -68.75
v 21.875 4.21809864044189 -68.75
v 25 3.98958277702332 -68.75
v 28.125 3.96940088272095 -68.75
v 31.25 4.57747364044189 -68.75
v 34.375 5.12760400772095 -68.75
v 37.5 4.99999952316284 -68.75
v 40.625 5.12630176544189 -68.75
v 43.75 5.32682323455811 -68.75
v 46.875 5.43880176544189 -68.75
v 50 5.17382764816284 -68.75
v 53.125 4.892578125 -68.75
v 56.25 5.08984375 -68.75
v 59.375 5.44661426544189 -68.75
v 62.5 4.89062547683716 -68.75
v 65.625 4.1875 -68.75
v 68.75 4.17838525772095 -68.75
v 71.875 4.30598926544189 -68.75
v 75 4.26432323455811 -68.75
v 78.125 4.03580713272095 -68.75
v 81.25 4.06380176544189 -68.75
v 84.375 4.12825489044189 -68.75
v 87.5 3.73763012886047 -68.75
v 90.625 3.283203125 -68.75
v 93.75 2.82942724227905 -68.75
v 96.875 1.90494763851166 -68.75
v 100 0.895182311534882 -68.75
v 0 1.00716137886047 -65.625
v 3.125 2.25325512886047 -65.625
v 6.25 3.552734375 -65.625
v 9.375 4.47526073455811 -65.625
v 12.5 5.75911426544189 -65.625
v 15.625 5.57747364044189 -65.625
v 18.75 4.81966114044189 -65.625
v 21.875 4.26236915588379 -65.625
v 25 4.12630176544189 -65.625
v 28.125 4.62955760955811 -65.625
v 31.25 5.802734375 -65.625
v 34.375 6.48372411727905 -65.625
v 37.5 6.72395849227905 -65.625
v 40.625 6.810546875 -65.625
v 43.75 7.041015625 -65.625
v 46.875 6.48828125 -65.625
v 50 6.009765625 -65.625
v 53.125 5.216796875 -65.625
v 56.25 4.68684864044189 -65.625
v 59.375 4.47265625 -65.625
v 62.5 4.78059911727905 -65.625
v 65.625 4.32617139816284 -65.625
v 68.75 4.19401073455811 -65.625
v 71.875 4.27734327316284 -65.625
v 75 4.69401025772095 -65.625
v 78.125 4.98177099227905 -65.625
v 81.25 5.18880176544189 -65.625
v 84.375 5.05729198455811 -65.625
v 87.5 4.6015625 -65.625
v 90.625 3.90950512886047 -65.625
v 93.75 3.07161450386047 -65.625
v 96.875 1.83463537693024 -65.625
v 100 0.904947936534882 -65.625
v 0 1.11718761920929 -62.5
v 3.125 2.28841161727905 -62.5
v 6.25 3.72591137886047 -62.5
v 9.375 4.978515625 -62.5
v 12.5 5.49739599227905 -62.5
v 15.625 5.63281297683716 -62.5
v 18.75 5.05664014816284 -62.5
v 21.875 4.68684911727905 -62.5
v 25 4.76497364044189 -62.5
v 28.125 5.66276025772095 -62.5
v 31.25 7.07682180404663 -62.5
v 34.375 8.06640625 -62.5
v 37.5 8.39257717132568 -62.5
v 40.625 8.375 -62.5
v 43.75 8.02213573455811 -62.5
v 46.875 7.48763036727905 -62.5
v 50 6.76757717132568 -62.5
v 53.125 6.65559864044189 -62.5
v 56.25 5.88606739044189 -62.5
v 59.375 5.45572900772095 -62.5
v 62.5 5.74544286727905 -62.5
v 65.625 6.02929735183716 -62.5
v 68.75 5.55924463272095 -62.5
v 71.875 5.13346385955811 -62.5
v 75 4.71093797683716 -62.5
v 78.125 4.64127588272095 -62.5
v 81.25 5.47395896911621 -62.5
v 84.375 5.685546875 -62.5
v 87.5 4.984375 -62.5
v 90.625 3.892578125 -62.5
v 93.75 2.88151049613953 -62.5
v 96.875 1.75325524806976 -62.5
v 100 0.82421875 -62.5
v 0 1.10481762886047 -59.375
v 3.125 2.232421875 -59.375
v 6.25 3.76171875 -59.375
v 9.375 5.08593702316284 -59.375
v 12.5 5.60221385955811 -59.375
v 15.625 5.68684864044189 -59.375
v 18.75 5.27473926544189 -59.375
v 21.875 5.20247364044189 -59.375
v 25 5.72786426544189 -59.375
v 28.125 6.78515625 -59.375
v 31.25 8.02213478088379 -59.375
v 34.375 8.63411331176758 -59.375
v 37.5 8.71484279632568 -59.375
v 40.625 8.60611915588379 -59.375
v 43.75 8.50065040588379 -59.375
v 46.875 8.22395801544189 -59.375
v 50 8.03059959411621 -59.375
v 53.125 7.96484279632568 -59.375
v 56.25 7.73958349227905 -59.375
v 59.375 7.32942724227905 -59.375
v 62.5 7.08789157867432 -59.375
v 65.625 6.42838525772095 -59.375
v 68.75 5.84765577316284 -59.375
v 71.875 5.34049463272095 -59.375
v 75 4.89973926544189 -59.375
v 78.125 4.54557323455811 -59.375
v 81.25 4.54427051544189 -59.375
v 84.375 4.73567724227905 -59.375
v 87.5 4.35546922683716 -59.375
v 90.625 3.62174487113953 -59.375
v 93.75 2.56119775772095 -59.375
v 96.875 1.65950512886047 -59.375
v 100 0.880859375 -59.375
v 0 1.10221350193024 -56.25
v 3.125 2.07486987113953 -56.25
v 6.25 3.63867139816284 -56.25
v 9.375 5.17513036727905 -56.25
v 12.5 6.22395801544189 -56.25
v 15.625 6.02864646911621 -56.25
v 18.75 5.44010400772095 -56.25
v 21.875 5.56575489044189 -56.25
v 25 6.63216114044189 -56.25
v 28.125 7.94856739044189 -56.25
v 31.25 8.46940040588379 -56.25
v 34.375 8.63411521911621 -56.25
v 37.5 8.44205665588379 -56.25
v 40.625 8.07291603088379 -56.25
v 43.75 7.75260400772095 -56.25
v 46.875 7.81380176544189 -56.25
v 50 7.90885400772095 -56.25
v 53.125 8.06054592132568 -56.25
v 56.25 7.93033838272095 -56.25
v 59.375 7.02018213272095 -56.25
v 62.5 6.57747411727905 -56.25
v 65.625 5.80338573455811 -56.25
v 68.75 4.99283790588379 -56.25
v 71.875 4.81380224227905 -56.25
v 75 4.73632764816284 -56.25
v 78.125 4.41731786727905 -56.25
v 81.25 4.19466114044189 -56.25
v 84.375 3.98958325386047 -56.25
v 87.5 3.54296922683716 -56.25
v 90.625 2.98697900772095 -56.25
v 93.75 2.267578125 -56.25
v 96.875 1.51822912693024 -56.25
v 100 0.927734375 -56.25
v 0 1.0390625 -53.125
v 3.125 1.978515625 -53.125
v 6.25 3.23046875 -53.125
v 9.375 5.12369823455811 -53.125
v 12.5 6.53190088272095 -53.125
v 15.625 6.826171875 -53.125
v 18.75 6.279296875 -53.125
v 21.875 6.515625 -53.125
v 25 7.6875 -53.125
v 28.125 8.50586032867432 -53.125
v 31.25 8.67643165588379 -53.125
v 34.375 8.22005271911621 -53.125
v 37.5 7.740234375 -53.125
v 40.625 7.23111963272095 -53.125
v 43.75 5.99869775772095 -53.125
v 46.875 6.05989599227905 -53.125
v 50 6.20833301544189 -53.125
v 53.125 6.84830760955811 -53.125
v 56.25 7.92708349227905 -53.125
v 59.375 8.1953125 -53.125
v 62.5 7.947265625 -53.125
v 65.625 6.89387989044189 -53.125
v 68.75 5.80989599227905 -53.125
v 71.875 4.97786426544189 -53.125
v 75 4.17708301544189 -53.125
v 78.125 3.86132764816284 -53.125
v 81.25 3.93294262886047 -53.125
v 84.375 4.00390577316284 -53.125
v 87.5 3.51302075386047 -53.125
v 90.625 2.82877588272095 -53.125
v 93.75 2.33528661727905 -53.125
v 96.875 1.62890625 -53.125
v 100 0.955078125 -53.125
v 0 0.86328125 -50
v 3.125 1.46614575386047 -50
v 6.25 2.67447900772095 -50
v 9.375 4.83984375 -50
v 12.5 6.703125 -50
v 15.625 7.73893213272095 -50
v 18.75 7.92447900772095 -50
v 21.875 8.05924510955811 -50
v 25 8.31119728088379 -50
v 28.125 8.6328125 -50
v 31.25 8.48893165588379 -50
v 34.375 7.58072900772095 -50
v 37.5 6.33463525772095 -50
v 40.625 6.04296827316284 -50
v 43.75 6.525390625 -50
v 46.875 6.82877588272095 -50
v 50 6.87239551544189 -50
v 53.125 7.86588525772095 -50
v 56.25 8.56054592132568 -50
v 59.375 8.81184864044189 -50
v 62.5 8.744140625 -50
v 65.625 8.55078029632568 -50
v 68.75 7.72395801544189 -50
v 71.875 5.81705760955811 -50
v 75 4.30078125 -50
v 78.125 3.42578125 -50
v 81.25 3.548828125 -50
v 84.375 3.94010353088379 -50
v 87.5 3.40624952316284 -50
v 90.625 2.923828125 -50
v 93.75 2.236328125 -50
v 96.875 1.36653637886047 -50
v 100 0.775390625 -50
v 0 0.640625 -46.875
v 3.125 1.32877600193024 -46.875
v 6.25 2.38020849227905 -46.875
v 9.375 4.025390625 -46.875
v 12.5 6.400390625 -46.875
v 15.625 7.939453125 -46.875
v 18.75 8.24804782867432 -46.875
v 21.875 8.27994728088379 -46.875
v 25 8.22786426544189 -46.875
v 28.125 8.02734375 -46.875
v 31.25 7.603515625 -46.875
v 34.375 7.19986963272095 -46.875
v 37.5 7.228515625 -46.875
v 40.625 7.263671875 -46.875
v 43.75 7.79036569595337 -46.875
v 46.875 8.08723926544189 -46.875
v 50 8.38671970367432 -46.875
v 53.125 8.45312404632568 -46.875
v 56.25 8.41080665588379 -46.875
v 59.375 8.39453125 -46.875
v 62.5 8.53841114044189 -46.875
v 65.625 8.74934959411621 -46.875
v 68.75 8.38802051544189 -46.875
v 71.875 6.734375 -46.875
v 75 4.6328125 -46.875
v 78.125 3.50520825386047 -46.875
v 81.25 3.34895825386047 -46.875
v 84.375 3.556640625 -46.875
v 87.5 3.48177075386047 -46.875
v 90.625 2.95442700386047 -46.875
v 93.75 1.99544274806976 -46.875
v 96.875 1.10872387886047 -46.875
v 100 0.580078125 -46.875
v 0 0.6015625 -43.75
v 3.125 1.37825512886047 -43.75
v 6.25 2.52734375 -43.75
v 9.375 3.88346338272095 -43.75
v 12.5 5.23697948455811 -43.75
v 15.625 7.20703125 -43.75
v 18.75 7.23763036727905 -43.75
v 21.875 7.13737010955811 -43.75
v 25 7.05273342132568 -43.75
v 28.125 6.34244775772095 -43.75
v 31.25 6.283203125 -43.75
v 34.375 7.181640625 -43.75
v 37.5 7.63151025772095 -43.75
v 40.625 7.58463525772095 -43.75
v 43.75 7.51236963272095 -43.75
v 46.875 7.53971338272095 -43.75
v 50 7.46419239044189 -43.75
v 53.125 7.40299463272095 -43.75
v 56.25 6.95637989044189 -43.75
v 59.375 6.98307275772095 -43.75
v 62.5 7.83268213272095 -43.75
v 65.625 8.45963573455811 -43.75
v 68.75 8.60611915588379 -43.75
v 71.875 7.728515625 -43.75
v 75 5.77278614044189 -43.75
v 78.125 4.62630224227905 -43.75
v 81.25 4.24283885955811 -43.75
v 84.375 3.95442652702332 -43.75
v 87.5 3.662109375 -43.75
v 90.625 3.00520849227905 -43.75
v 93.75 1.861328125 -43.75
v 96.875 0.999348938465118 -43.75
v 100 0.520833373069763 -43.75
v 0 0.662760376930237 -40.625
v 3.125 1.59895825386047 -40.625
v 6.25 3.115234375 -40.625
v 9.375 3.99088549613953 -40.625
v 12.5 4.86197948455811 -40.625
v 15.625 6.27929639816284 -40.625
v 18.75 6.36979103088379 -40.625
v 21.875 6.50260448455811 -40.625
v 25 6.80598926544189 -40.625
v 28.125 6.68815088272095 -40.625
v 31.25 7.03906345367432 -40.625
v 34.375 7.130859375 -40.625
v 37.5 6.48958349227905 -40.625
v 40.625 5.47005176544189 -40.625
v 43.75 5.38736963272095 -40.625
v 46.875 5.47916698455811 -40.625
v 50 5.15104150772095 -40.625
v 53.125 5.33528614044189 -40.625
v 56.25 5.55208301544189 -40.625
v 59.375 5.77148389816284 -40.625
v 62.5 6.36848974227905 -40.625
v 65.625 7.68554782867432 -40.625
v 68.75 8.41861915588379 -40.625
v 71.875 8.40755271911621 -40.625
v 75 7.93424510955811 -40.625
v 78.125 7.35286426544189 -40.625
v 81.25 6.359375 -40.625
v 84.375 5.15364551544189 -40.625
v 87.5 4.23502588272095 -40.625
v 90.625 3.490234375 -40.625
v 93.75 2.30338549613953 -40.625
v 96.875 1.19921875 -40.625
v 100 0.520182251930237 -40.625
v 0 0.895833313465118 -37.5
v 3.125 1.91210913658142 -37.5
v 6.25 2.83268237113953 -37.5
v 9.375 3.369140625 -37.5
v 12.5 4.23372364044189 -37.5
v 15.625 5.35091114044189 -37.5
v 18.75 5.64518260955811 -37.5
v 21.875 5.45117139816284 -37.5
v 25 6.07877635955811 -37.5
v 28.125 6.06640625 -37.5
v 31.25 5.50325489044189 -37.5
v 34.375 5.287109375 -37.5
v 37.5 4.74414014816284 -37.5
v 40.625 4.177734375 -37.5
v 43.75 4.26822900772095 -37.5
v 46.875 4.76627635955811 -37.5
v 50 5.45833301544189 -37.5
v 53.125 5.73307323455811 -37.5
v 56.25 5.68294286727905 -37.5
v 59.375 5.51171875 -37.5
v 62.5 5.61067676544189 -37.5
v 65.625 5.99934864044189 -37.5
v 68.75 7.37760400772095 -37.5
v 71.875 7.923828125 -37.5
v 75 8.11067771911621 -37.5
v 78.125 8.10546779632568 -37.5
v 81.25 7.791015625 -37.5
v 84.375 7.2109375 -37.5
v 87.5 5.890625 -37.5
v 90.625 4.06966161727905 -37.5
v 93.75 2.634765625 -37.5
v 96.875 1.48177087306976 -37.5
v 100 0.737630188465118 -37.5
v 0 1.06901037693024 -34.375
v 3.125 1.958984375 -34.375
v 6.25 2.830078125 -34.375
v 9.375 3.65234375 -34.375
v 12.5 4.87630176544189 -34.375
v 15.625 6.09505176544189 -34.375
v 18.75 6.29687452316284 -34.375
v 21.875 6.171875 -34.375
v 25 6.05403614044189 -34.375
v 28.125 5.67643260955811 -34.375
v 31.25 5.11783885955811 -34.375
v 34.375 4.56640577316284 -34.375
v 37.5 4.24609375 -34.375
v 40.625 4.27669239044189 -34.375
v 43.75 4.85416650772095 -34.375
v 46.875 5.78841114044189 -34.375
v 50 6.71028614044189 -34.375
v 53.125 6.32682323455811 -34.375
v 56.25 5.70637989044189 -34.375
v 59.375 5.49544239044189 -34.375
v 62.5 5.55078125 -34.375
v 65.625 5.61458301544189 -34.375
v 68.75 5.72135400772095 -34.375
v 71.875 5.79947948455811 -34.375
v 75 6.263671875 -34.375
v 78.125 7.056640625 -34.375
v 81.25 7.20572900772095 -34.375
v 84.375 7.03450536727905 -34.375
v 87.5 5.79427099227905 -34.375
v 90.625 3.97526025772095 -34.375
v 93.75 2.8828125 -34.375
v 96.875 1.95377600193024 -34.375
v 100 1.03645825386047 -34.375
v 0 1.107421875 -31.25
v 3.125 2.19791674613953 -31.25
v 6.25 3.55338525772095 -31.25
v 9.375 4.86458301544189 -31.25
v 12.5 6.18359375 -31.25
v 15.625 7.501953125 -31.25
v 18.75 7.73763036727905 -31.25
v 21.875 7.67252588272095 -31.25
v 25 7.5234375 -31.25
v 28.125 7.27864551544189 -31.25
v 31.25 6.623046875 -31.25
v 34.375 5.72721385955811 -31.25
v 37.5 5.681640625 -31.25
v 40.625 6.216796875 -31.25
v 43.75 6.93489599227905 -31.25
v 46.875 7.57486963272095 -31.25
v 50 7.57161426544189 -31.25
v 53.125 6.79947900772095 -31.25
v 56.25 6.28645801544189 -31.25
v 59.375 5.81835889816284 -31.25
v 62.5 5.44270801544189 -31.25
v 65.625 5.375 -31.25
v 68.75 5.16471338272095 -31.25
v 71.875 4.87955760955811 -31.25
v 75 4.51237010955811 -31.25
v 78.125 4.53125 -31.25
v 81.25 5.15625 -31.25
v 84.375 5.32356739044189 -31.25
v 87.5 4.72981739044189 -31.25
v 90.625 3.90820264816284 -31.25
v 93.75 3.16666650772095 -31.25
v 96.875 2.15429663658142 -31.25
v 100 1.11523425579071 -31.25
v 0 1.07421875 -28.125
v 3.125 2.21875 -28.125
v 6.25 3.759765625 -28.125
v 9.375 5.31640625 -28.125
v 12.5 6.84765529632568 -28.125
v 15.625 7.986328125 -28.125
v 18.75 8.13802051544189 -28.125
v 21.875 7.67578125 -28.125
v 25 7.60026025772095 -28.125
v 28.125 7.95377588272095 -28.125
v 31.25 7.845703125 -28.125
v 34.375 7.45442676544189 -28.125
v 37.5 7.45703125 -28.125
v 40.625 7.75260400772095 -28.125
v 43.75 7.994140625 -28.125
v 46.875 8.087890625 -28.125
v 50 8.02148342132568 -28.125
v 53.125 7.576171875 -28.125
v 56.25 6.67252635955811 -28.125
v 59.375 6.25911474227905 -28.125
v 62.5 6.15169239044189 -28.125
v 65.625 6.03255176544189 -28.125
v 68.75 5.89908838272095 -28.125
v 71.875 5.18359375 -28.125
v 75 4.39583301544189 -28.125
v 78.125 4.50130224227905 -28.125
v 81.25 4.95768165588379 -28.125
v 84.375 4.98763036727905 -28.125
v 87.5 4.26757764816284 -28.125
v 90.625 3.45572900772095 -28.125
v 93.75 2.83268213272095 -28.125
v 96.875 2.01692724227905 -28.125
v 100 1.064453125 -28.125
v 0 0.91796875 -25
v 3.125 1.91015625 -25
v 6.25 3.53125 -25
v 9.375 5.099609375 -25
v 12.5 6.67317676544189 -25
v 15.625 7.94791650772095 -25
v 18.75 8.38346290588379 -25
v 21.875 8.45703029632568 -25
v 25 8.34114551544189 -25
v 28.125 8.244140625 -25
v 31.25 7.978515625 -25
v 34.375 7.25651025772095 -25
v 37.5 7.34765625 -25
v 40.625 8.09049415588379 -25
v 43.75 8.34375 -25
v 46.875 8.36588478088379 -25
v 50 8.35221290588379 -25
v 53.125 8.37825489044189 -25
v 56.25 8.27538967132568 -25
v 59.375 8.06640529632568 -25
v 62.5 7.87630176544189 -25
v 65.625 7.82877588272095 -25
v 68.75 7.51171875 -25
v 71.875 6.37109279632568 -25
v 75 5.25846385955811 -25
v 78.125 4.58268213272095 -25
v 81.25 4.50195264816284 -25
v 84.375 4.30924510955811 -25
v 87.5 3.60546875 -25
v 90.625 2.87239599227905 -25
v 93.75 2.32226538658142 -25
v 96.875 1.62825512886047 -25
v 100 0.9140625 -25
v 0 1.060546875 -21.875
v 3.125 1.9609375 -21.875
v 6.25 3.31770825386047 -21.875
v 9.375 4.84440135955811 -21.875
v 12.5 6.77669286727905 -21.875
v 15.625 8.18489646911621 -21.875
v 18.75 8.38606739044189 -21.875
v 21.875 8.19791603088379 -21.875
v 25 8.0625 -21.875
v 28.125 7.98502588272095 -21.875
v 31.25 7.845703125 -21.875
v 34.375 7.76822900772095 -21.875
v 37.5 7.78776025772095 -21.875
v 40.625 8.00455665588379 -21.875
v 43.75 8.24869728088379 -21.875
v 46.875 8.35091114044189 -21.875
v 50 8.44791603088379 -21.875
v 53.125 8.54361915588379 -21.875
v 56.25 8.5546875 -21.875
v 59.375 8.23046779632568 -21.875
v 62.5 7.701171875 -21.875
v 65.625 7.86328125 -21.875
v 68.75 7.48893213272095 -21.875
v 71.875 6.93880176544189 -21.875
v 75 5.927734375 -21.875
v 78.125 4.96223926544189 -21.875
v 81.25 4.29947948455811 -21.875
v 84.375 3.68489575386047 -21.875
v 87.5 3.16341161727905 -21.875
v 90.625 2.63151025772095 -21.875
v 93.75 2.294921875 -21.875
v 96.875 1.76432287693024 -21.875
v 100 1.01497387886047 -21.875
v 0 1.140625 -18.75
v 3.125 2.318359375 -18.75
v 6.25 3.69596338272095 -18.75
v 9.375 5.14257764816284 -18.75
v 12.5 6.5703125 -18.75
v 15.625 7.49283885955811 -18.75
v 18.75 6.72916650772095 -18.75
v 21.875 6.17317676544189 -18.75
v 25 5.61262989044189 -18.75
v 28.125 5.47721338272095 -18.75
v 31.25 5.30403614044189 -18.75
v 34.375 5.38476514816284 -18.75
v 37.5 5.52018213272095 -18.75
v 40.625 5.66601514816284 -18.75
v 43.75 6.16536426544189 -18.75
v 46.875 6.45572900772095 -18.75
v 50 6.744140625 -18.75
v 53.125 7.09375095367432 -18.75
v 56.25 7.16666698455811 -18.75
v 59.375 7.14778661727905 -18.75
v 62.5 6.95703125 -18.75
v 65.625 6.42578125 -18.75
v 68.75 5.35481739044189 -18.75
v 71.875 5.06184911727905 -18.75
v 75 5.08463573455811 -18.75
v 78.125 4.46744728088379 -18.75
v 81.25 4.15690088272095 -18.75
v 84.375 3.93033838272095 -18.75
v 87.5 3.56119775772095 -18.75
v 90.625 2.96679711341858 -18.75
v 93.75 2.5390625 -18.75
v 96.875 1.77734375 -18.75
v 100 0.883463501930237 -18.75
v 0 1.078125 -15.625
v 3.125 2.20703125 -15.625
v 6.25 3.52148485183716 -15.625
v 9.375 4.35677051544189 -15.625
v 12.5 5.150390625 -15.625
v 15.625 5.337890625 -15.625
v 18.75 5.90950489044189 -15.625
v 21.875 5.07487010955811 -15.625
v 25 4.275390625 -15.625
v 28.125 3.76497387886047 -15.625
v 31.25 3.67838525772095 -15.625
v 34.375 3.72265625 -15.625
v 37.5 3.82942700386047 -15.625
v 40.625 3.94401025772095 -15.625
v 43.75 4.07161426544189 -15.625
v 46.875 4.18489551544189 -15.625
v 50 4.26367139816284 -15.625
v 53.125 4.1796875 -15.625
v 56.25 4.208984375 -15.625
v 59.375 4.30468702316284 -15.625
v 62.5 4.205078125 -15.625
v 65.625 4.06510400772095 -15.625
v 68.75 4.09049510955811 -15.625
v 71.875 4.13671875 -15.625
v 75 4.119140625 -15.625
v 78.125 3.99283838272095 -15.625
v 81.25 4.13085889816284 -15.625
v 84.375 4.40364551544189 -15.625
v 87.5 4.41210889816284 -15.625
v 90.625 3.81966137886047 -15.625
v 93.75 2.86979150772095 -15.625
v 96.875 1.810546875 -15.625
v 100 0.966796875 -15.625
v 0 0.798828125 -12.5
v 3.125 1.81640625 -12.5
v 6.25 3.22916650772095 -12.5
v 9.375 4.33072900772095 -12.5
v 12.5 4.60026073455811 -12.5
v 15.625 4.74348926544189 -12.5
v 18.75 4.51953172683716 -12.5
v 21.875 3.80989575386047 -12.5
v 25 3.14583325386047 -12.5
v 28.125 2.80924487113953 -12.5
v 31.25 2.638671875 -12.5
v 34.375 2.60221338272095 -12.5
v 37.5 2.63997411727905 -12.5
v 40.625 2.58919262886047 -12.5
v 43.75 2.580078125 -12.5
v 46.875 2.51171875 -12.5
v 50 2.43489575386047 -12.5
v 53.125 2.35091161727905 -12.5
v 56.25 2.419921875 -12.5
v 59.375 2.45638012886047 -12.5
v 62.5 2.50520849227905 -12.5
v 65.625 2.61393213272095 -12.5
v 68.75 2.75585961341858 -12.5
v 71.875 2.96093726158142 -12.5
v 75 3.158203125 -12.5
v 78.125 3.326171875 -12.5
v 81.25 3.38997387886047 -12.5
v 84.375 3.39192724227905 -12.5
v 87.5 3.33658838272095 -12.5
v 90.625 3.13541650772095 -12.5
v 93.75 2.35546875 -12.5
v 96.875 1.44401049613953 -12.5
v 100 0.696614623069763 -12.5
v 0 0.7734375 -9.375
v 3.125 1.47330737113953 -9.375
v 6.25 2.22916650772095 -9.375
v 9.375 2.70572900772095 -9.375
v 12.5 2.91992163658142 -9.375
v 15.625 3.04036450386047 -9.375
v 18.75 2.80924463272095 -9.375
v 21.875 2.294921875 -9.375
v 25 2.142578125 -9.375
v 28.125 1.97135424613953 -9.375
v 31.25 1.79427087306976 -9.375
v 34.375 1.81315112113953 -9.375
v 37.5 1.78971362113953 -9.375
v 40.625 2.06901049613953 -9.375
v 43.75 2.21289086341858 -9.375
v 46.875 2.1171875 -9.375
v 50 1.8984375 -9.375
v 53.125 1.89192712306976 -9.375
v 56.25 2.09375023841858 -9.375
v 59.375 2.20833349227905 -9.375
v 62.5 1.99869799613953 -9.375
v 65.625 1.95833337306976 -9.375
v 68.75 1.990234375 -9.375
v 71.875 2.14908862113953 -9.375
v 75 2.39973950386047 -9.375
v 78.125 2.61458349227905 -9.375
v 81.25 2.66666650772095 -9.375
v 84.375 2.63541674613953 -9.375
v 87.5 2.64583349227905 -9.375
v 90.625 2.607421875 -9.375
v 93.75 2.34244775772095 -9.375
v 96.875 1.47330725193024 -9.375
v 100 0.727864563465118 -9.375
v 0 0.884765625 -6.25
v 3.125 1.52473950386047 -6.25
v 6.25 1.42447912693024 -6.25
v 9.375 1.33007800579071 -6.25
v 12.5 1.48893225193024 -6.25
v 15.625 1.90299475193024 -6.25
v 18.75 1.83723950386047 -6.25
v 21.875 1.54361975193024 -6.25
v 25 1.31901037693024 -6.25
v 28.125 1.205078125 -6.25
v 31.25 1.15559887886047 -6.25
v 34.375 1.166015625 -6.25
v 37.5 1.24739575386047 -6.25
v 40.625 1.33463549613953 -6.25
v 43.75 1.48828125 -6.25
v 46.875 1.603515625 -6.25
v 50 1.640625 -6.25
v 53.125 1.66666662693024 -6.25
v 56.25 1.86848950386047 -6.25
v 59.375 1.87434887886047 -6.25
v 62.5 1.62109375 -6.25
v 65.625 1.43619799613953 -6.25
v 68.75 1.30533850193024 -6.25
v 71.875 1.27864575386047 -6.25
v 75 1.37565112113953 -6.25
v 78.125 1.41471350193024 -6.25
v 81.25 1.47265625 -6.25
v 84.375 1.541015625 -6.25
v 87.5 1.732421875 -6.25
v 90.625 1.95377600193024 -6.25
v 93.75 1.78450512886047 -6.25
v 96.875 1.39583325386047 -6.25
v 100 0.801432251930237 -6.25
v 0 0.763671875 -3.125
v 3.125 0.877604126930237 -3.125
v 6.25 0.957682251930237 -3.125
v 9.375 0.912760376930237 -3.125
v 12.5 0.935546875 -3.125
v 15.625 0.826171875 -3.125
v 18.75 0.818359375 -3.125
v 21.875 0.736328125 -3.125
v 25 0.613932251930237 -3.125
v 28.125 0.564453125 -3.125
v 31.25 0.514322876930237 -3.125
v 34.375 0.498046875 -3.125
v 37.5 0.553385376930237 -3.125
v 40.625 0.6015625 -3.125
v 43.75 0.690104126930237 -3.125
v 46.875 0.78125 -3.125
v 50 0.853515625 -3.125
v 53.125 0.918619751930237 -3.125
v 56.25 1.01041662693024 -3.125
v 59.375 1.01432287693024 -3.125
v 62.5 0.98046875 -3.125
v 65.625 0.939453125 -3.125
v 68.75 0.837890625 -3.125
v 71.875 0.765625 -3.125
v 75 0.755859375 -3.125
v 78.125 0.90234375 -3.125
v 81.25 0.951171875 -3.125
v 84.375 0.98046875 -3.125
v 87.5 1.02734375 -3.125
v 90.625 1.02473950386047 -3.125
v 93.75 0.95703125 -3.125
v 96.875 0.8984375 -3.125
v 100 0.793619751930237 -3.125

vt 0 1
vt 0.030303031206131 1
vt 0.060606062412262 1
vt 0.0909090936183929 1
vt 0.121212124824524 1
vt 0.151515156030655 1
vt 0.181818187236786 1
vt 0.212121218442917 1
vt 0.242424249649048 1
vt 0.272727280855179 1
vt 0.30303031206131 1
vt 0.333333343267441 1
vt 0.363636374473572 1
vt 0.393939405679703 1
vt 0.424242436885834 1
vt 0.454545468091965 1
vt 0.484848499298096 1
vt 0.515151500701904 1
vt 0.545454561710358 1
vt 0.575757563114166 1
vt 0.60606062412262 1
vt 0.636363625526428 1
vt 0.666666686534882 1
vt 0.69696968793869 1
vt 0.727272748947144 1
vt 0.757575750350952 1
vt 0.787878811359406 1
vt 0.818181812763214 1
vt 0.848484873771667 1
vt 0.878787875175476 1
vt 0.909090936183929 1
vt 0.939393937587738 1
vt 0.969696998596191 1
vt 0 0.969696998596191
vt 0.030303031206131 0.969696998596191
vt 0.060606062412262 0.969696998596191
vt 0.0909090936183929 0.969696998596191
vt 0.121212124824524 0.969696998596191
vt 0.151515156030655 0.969696998596191
vt 0.181818187236786 0.969696998596191
vt 0.212121218442917 0.969696998596191
vt 0.242424249649048 0.969696998596191
vt 0.272727280855179 0.969696998596191
vt 0.30303031206131 0.969696998596191
vt 0.333333343267441 0.969696998596191
vt 0.363636374473572 0.969696998596191
vt 0.393939405679703 0.969696998596191
vt 0.424242436885834 0.969696998596191
vt 0.454545468091965 0.969696998596191
vt 0.484848499298096 0.969696998596191
vt 0.515151500701904 0.969696998596191
vt 0.545454561710358 0.969696998596191
vt 0.575757563114166 0.969696998596191
vt 0.60606062412262 0.969696998596191
vt 0.636363625526428 0.969696998596191
vt 0.666666686534882 0.969696998596191
vt 0.69696968793869 0.969696998596191
vt 0.727272748947144 0.969696998596191
vt 0.757575750350952 0.969696998596191
vt 0.787878811359406 0.969696998596191
vt 0.818181812763214 0.969696998596191
vt 0.848484873771667 0.969696998596191
vt 0.878787875175476 0.969696998596191
vt 0.909090936183929 0.969696998596191
vt 0.939393937587738 0.969696998596191
vt 0.969696998596191 0.969696998596191
vt 0 0.939393937587738
vt 0.030303031206131 0.939393937587738
vt 0.060606062412262 0.939393937587738
vt 0.0909090936183929 0.939393937587738
vt 0.121212124824524 0.939393937587738
vt 0.151515156030655 0.939393937587738
vt 0.181818187236786 0.939393937587738
vt 0.212121218442917 0.939393937587738
vt 0.242424249649048 0.939393937587738
vt 0.272727280855179 0.939393937587738
vt 0.30303031206131 0.939393937587738
vt 0.333333343267441 0.939393937587738
vt 0.363636374473572 0.939393937587738
vt 0.393939405679703 0.939393937587738
vt 0.424242436885834 0.939393937587738
vt 0.454545468091965 0.939393937587738
vt 0.484848499298096 0.939393937587738
vt 0.515151500701904 0.939393937587738
vt 0.545454561710358 0.939393937587738
vt 0.575757563114166 0.939393937587738
vt 0.60606062412262 0.939393937587738
vt 0.636363625526428 0.939393937587738
vt 0.666666686534882 0.939393937587738
vt 0.69696968793869 0.939393937587738
vt 0.727272748947144 0.939393937587738
vt 0.757575750350952 0.939393937587738
vt 0.787878811359406 0.939393937587738
vt 0.818181812763214 0.939393937587738
vt 0.848484873771667 0.939393937587738
vt 0.878787875175476 0.939393937587738
vt 0.909090936183929 0.939393937587738
vt 0.939393937587738 0.939393937587738
vt 0.969696998596191 0.939393937587738
vt 0 0.909090936183929
vt 0.030303031206131 0.909090936183929
vt 0.060606062412262 0.909090936183929
vt 0.0909090936183929 0.909090936183929
vt 0.121212124824524 0.909090936183929
vt 0.151515156030655 0.909090936183929
vt 0.181818187236786 0.909090936183929
vt 0.212121218442917 0.909090936183929
vt 0.242424249649048 0.909090936183929
vt 0.272727280855179 0.909090936183929
vt 0.30303031206131 0.909090936183929
vt 0.333333343267441 0.909090936183929
vt 0.363636374473572 0.909090936183929
vt 0.393939405679703 0.909090936183929
vt 0.424242436885834 0.909090936183929
vt 0.454545468091965 0.909090936183929
vt 0.484848499298096 0.909090936183929
vt 0.515151500701904 0.909090936183929
vt 0.545454561710358 0.909090936183929
vt 0.575757563114166 0.909090936183929
vt 0.60606062412262 0.909090936183929
vt 0.636363625526428 0.909090936183929
vt 0.666666686534882 0.909090936183929
vt 0.69696968793869 0.909090936183929
vt 0.727272748947144 0.909090936183929
vt 0.757575750350952 0.909090936183929
vt 0.787878811359406 0.909090936183929
vt 0.818181812763214 0.909090936183929
vt 0.848484873771667 0.909090936183929
vt 0.878787875175476 0.909090936183929
vt 0.909090936183929 0.909090936183929
vt 0.939393937587738 0.909090936183929
vt 0.969696998596191 0.909090936183929
vt 0 0.878787875175476
vt 0.030303031206131 0.878787875175476
vt 0.060606062412262 0.878787875175476
vt 0.0909090936183929 0.878787875175476
vt 0.121212124824524 0.878787875175476
vt 0.151515156030655 0.878787875175476
vt 0.181818187236786 0.878787875175476
vt 0.212121218442917 0.878787875175476
vt 0.242424249649048 0.878787875175476
vt 0.272727280855179 0.878787875175476
vt 0.30303031206131 0.878787875175476
vt 0.333333343267441 0.878787875175476
vt 0.363636374473572 0.878787875175476
vt 0.393939405679703 0.878787875175476
vt 0.424242436885834 0.878787875175476
vt 0.454545468091965 0.878787875175476
vt 0.484848499298096 0.878787875175476
vt 0.515151500701904 0.878787875175476
vt 0.545454561710358 0.878787875175476
vt 0.575757563114166 0.878787875175476
vt 0.60606062412262 0.878787875175476
vt 0.636363625526428 0.878787875175476
vt 0.666666686534882 0.878787875175476
vt 0.69696968793869 0.878787875175476
vt 0.727272748947144 0.878787875175476
vt 0.757575750350952 0.878787875175476
vt 0.787878811359406 0.878787875175476
vt 0.818181812763214 0.878787875175476
vt 0.848484873771667 0.878787875175476
vt 0.878787875175476 0.878787875175476
vt 0.909090936183929 0.878787875175476
vt 0.939393937587738 0.878787875175476
vt 0.969696998596191 0.878787875175476
vt 0 0.848484873771667
vt 0.030303031206131 0.848484873771667
vt 0.060606062412262 0.848484873771667
vt 0.0909090936183929 0.848484873771667
vt 0.121212124824524 0.848484873771667
vt 0.151515156030655 0.848484873771667
vt 0.181818187236786 0.848484873771667
vt 0.212121218442917 0.848484873771667
vt 0.242424249649048 0.848484873771667
vt 0.272727280855179 0.848484873771667
vt 0.30303031206131 0.848484873771667
vt 0.333333343267441 0.848484873771667
vt 0.363636374473572 0.848484873771667
vt 0.393939405679703 0.848484873771667
vt 0.424242436885834 0.848484873771667
vt 0.454545468091965 0.848484873771667
vt 0.484848499298096 0.848484873771667
vt 0.515151500701904 0.848484873771667
vt 0.545454561710358 0.848484873771667
vt 0.575757563114166 0.848484873771667
vt 0.60606062412262 0.848484873771667
vt 0.636363625526428 0.848484873771667
vt 0.666666686534882 0.848484873771667
vt 0.69696968793869 0.848484873771667
vt 0.727272748947144 0.848484873771667
vt 0.757575750350952 0.848484873771667
vt 0.787878811359406 0.848484873771667
vt 0.818181812763214 0.848484873771667
vt 0.848484873771667 0.848484873771667
vt 0.878787875175476 0.848484873771667
vt 0.909090936183929 0.848484873771667
vt 0.939393937587738 0.848484873771667
vt 0.969696998596191 0.848484873771667
vt 0 0.818181812763214
vt 0.030303031206131 0.818181812763214
vt 0.060606062412262 0.818181812763214
vt 0.0909090936183929 0.818181812763214
vt 0.121212124824524 0.818181812763214
vt 0.151515156030655 0.818181812763214
vt 0.181818187236786 0.818181812763214
vt 0.212121218442917 0.818181812763214
vt 0.242424249649048 0.818181812763214
vt 0.272727280855179 0.818181812763214
vt 0.30303031206131 0.818181812763214
vt 0.333333343267441 0.818181812763214
vt 0.363636374473572 0.818181812763214
vt 0.393939405679703 0.818181812763214
vt 0.424242436885834 0.818181812763214
vt 0.454545468091965 0.818181812763214
vt 0.484848499298096 0.818181812763214
vt 0.515151500701904 0.818181812763214
vt 0.545454561710358 0.818181812763214
vt 0.575757563114166 0.818181812763214
vt 0.60606062412262 0.818181812763214
vt 0.636363625526428 0.818181812763214
vt 0.666666686534882 0.818181812763214
vt 0.69696968793869 0.818181812763214
vt 0.727272748947144 0.818181812763214
vt 0.757575750350952 0.818181812763214
vt 0.787878811359406 0.818181812763214
vt 0.818181812763214 0.818181812763214
vt 0.848484873771667 0.818181812763214
vt 0.878787875175476 0.818181812763214
vt 0.909090936183929 0.818181812763214
vt 0.939393937587738 0.818181812763214
vt 0.969696998596191 0.818181812763214
vt 0 0.787878811359406
vt 0.030303031206131 0.787878811359406
vt 0.060606062412262 0.787878811359406
vt 0.0909090936183929 0.787878811359406
vt 0.121212124824524 0.787878811359406
vt 0.151515156030655 0.787878811359406
vt 0.181818187236786 0.787878811359406
vt 0.212121218442917 0.787878811359406
vt 0.242424249649048 0.787878811359406
vt 0.272727280855179 0.787878811359406
vt 0.30303031206131 0.787878811359406
vt 0.333333343267441 0.787878811359406
vt 0.363636374473572 0.787878811359406
vt 0.393939405679703 0.787878811359406
vt 0.424242436885834 0.787878811359406
vt 0.454545468091965 0.787878811359406
vt 0.484848499298096 0.787878811359406
vt 0.515151500701904 0.787878811359406
vt 0.545454561710358 0.787878811359406
vt 0.575757563114166 0.787878811359406
vt 0.60606062412262 0.787878811359406
vt 0.636363625526428 0.787878811359406
vt 0.666666686534882 0.787878811359406
vt 0.69696968793869 0.787878811359406
vt 0.727272748947144 0.787878811359406
vt 0.757575750350952 0.787878811359406
vt 0.787878811359406 0.787878811359406
vt 0.818181812763214 0.787878811359406
vt 0.848484873771667 0.787878811359406
vt 0.878787875175476 0.787878811359406
vt 0.909090936183929 0.787878811359406
vt 0.939393937587738 0.787878811359406
vt 0.969696998596191 0.787878811359406
vt 0 0.757575750350952
vt 0.030303031206131 0.757575750350952
vt 0.060606062412262 0.757575750350952
vt 0.0909090936183929 0.757575750350952
vt 0.121212124824524 0.757575750350952
vt 0.151515156030655 0.757575750350952
vt 0.181818187236786 0.757575750350952
vt 0.212121218442917 0.757575750350952
vt 0.242424249649048 0.757575750350952
vt 0.272727280855179 0.757575750350952
vt 0.30303031206131 0.757575750350952
vt 0.333333343267441 0.757575750350952
vt 0.363636374473572 0.757575750350952
vt 0.393939405679703 0.757575750350952
vt 0.424242436885834 0.757575750350952
vt 0.454545468091965 0.757575750350952
vt 0.484848499298096 0.757575750350952
vt 0.515151500701904 0.757575750350952
vt 0.545454561710358 0.757575750350952
vt 0.575757563114166 0.757575750350952
vt 0.60606062412262 0.757575750350952
vt 0.636363625526428 0.757575750350952
vt 0.666666686534882 0.757575750350952
vt 0.69696968793869 0.757575750350952
vt 0.727272748947144 0.757575750350952
vt 0.757575750350952 0.757575750350952
vt 0.787878811359406 0.757575750350952
vt 0.818181812763214 0.757575750350952
vt 0.848484873771667 0.757575750350952
vt 0.878787875175476 0.757575750350952
vt 0.909090936183929 0.757575750350952
vt 0.939393937587738 0.757575750350952
vt 0.969696998596191 0.757575750350952
vt 0 0.727272748947144
vt 0.030303031206131 0.727272748947144
vt 0.060606062412262 0.727272748947144
vt 0.0909090936183929 0.727272748947144
vt 0.121212124824524 0.727272748947144
vt 0.151515156030655 0.727272748947144
vt 0.181818187236786 0.727272748947144
vt 0.212121218442917 0.727272748947144
vt 0.242424249649048 0.727272748947144
vt 0.272727280855179 0.727272748947144
vt 0.30303031206131 0.727272748947144
vt 0.333333343267441 0.727272748947144
vt 0.363636374473572 0.727272748947144
vt 0.393939405679703 0.727272748947144
vt 0.424242436885834 0.727272748947144
vt 0.454545468091965 0.727272748947144
vt 0.484848499298096 0.727272748947144
vt 0.515151500701904 0.727272748947144
vt 0.545454561710358 0.727272748947144
vt 0.575757563114166 0.727272748947144
vt 0.60606062412262 0.727272748947144
vt 0.636363625526428 0.727272748947144
vt 0.666666686534882 0.727272748947144
vt 0.69696968793869 0.727272748947144
vt 0.727272748947144 0.727272748947144
vt 0.757575750350952 0.727272748947144
vt 0.787878811359406 0.727272748947144
vt 0.818181812763214 0.727272748947144
vt 0.848484873771667 0.727272748947144
vt 0.878787875175476 0.727272748947144
vt 0.909090936183929 0.727272748947144
vt 0.939393937587738 0.727272748947144
vt 0.969696998596191 0.727272748947144
vt 0 0.69696968793869
vt 0.030303031206131 0.69696968793869
vt 0.060606062412262 0.69696968793869
vt 0.0909090936183929 0.69696968793869
vt 0.121212124824524 0.69696968793869
vt 0.151515156030655 0.69696968793869
vt 0.181818187236786 0.69696968793869
vt 0.212121218442917 0.69696968793869
vt 0.242424249649048 0.69696968793869
vt 0.272727280855179 0.69696968793869
vt 0.30303031206131 0.69696968793869
vt 0.333333343267441 0.69696968793869
vt 0.363636374473572 0.69696968793869
vt 0.393939405679703 0.69696968793869
vt 0.424242436885834 0.69696968793869
vt 0.454545468091965 0.69696968793869
vt 0.484848499298096 0.69696968793869
vt 0.515151500701904 0.69696968793869
vt 0.545454561710358 0.69696968793869
vt 0.575757563114166 0.69696968793869
vt 0.60606062412262 0.69696968793869
vt 0.636363625526428 0.69696968793869
vt 0.666666686534882 0.69696968793869
vt 0.69696968793869 0.69696968793869
vt 0.727272748947144 0.69696968793869
vt 0.757575750350952 0.69696968793869
vt 0.787878811359406 0.69696968793869
vt 0.818181812763214 0.69696968793869
vt 0.848484873771667 0.69696968793869
vt 0.878787875175476 0.69696968793869
vt 0.909090936183929 0.69696968793869
vt 0.939393937587738 0.69696968793869
vt 0.969696998596191 0.69696968793869
vt 0 0.666666686534882
vt 0.030303031206131 0.666666686534882
vt 0.060606062412262 0.666666686534882
vt 0.0909090936183929 0.666666686534882
vt 0.121212124824524 0.666666686534882
vt 0.151515156030655 0.666666686534882
vt 0.181818187236786 0.666666686534882
vt 0.212121218442917 0.666666686534882
vt 0.242424249649048 0.666666686534882
vt 0.272727280855179 0.666666686534882
vt 0.30303031206131 0.666666686534882
vt 0.333333343267441 0.666666686534882
vt 0.363636374473572 0.666666686534882
vt 0.393939405679703 0.666666686534882
vt 0.424242436885834 0.666666686534882
vt 0.454545468091965 0.666666686534882
vt 0.484848499298096 0.666666686534882
vt 0.515151500701904 0.666666686534882
vt 0.545454561710358 0.666666686534882
vt 0.575757563114166 0.666666686534882
vt 0.60606062412262 0.666666686534882
vt 0.636363625526428 0.666666686534882
vt 0.666666686534882 0.666666686534882
vt 0.69696968793869 0.666666686534882
vt 0.727272748947144 0.666666686534882
vt 0.757575750350952 0.666666686534882
vt 0.787878811359406 0.666666686534882
vt 0.818181812763214 0.666666686534882
vt 0.848484873771667 0.666666686534882
vt 0.878787875175476 0.666666686534882
vt 0.909090936183929 0.666666686534882
vt 0.939393937587738 0.666666686534882
vt 0.969696998596191 0.666666686534882
vt 0 0.636363625526428
vt 0.030303031206131 0.636363625526428
vt 0.060606062412262 0.636363625526428
vt 0.0909090936183929 0.636363625526428
vt 0.121212124824524 0.636363625526428
vt 0.151515156030655 0.636363625526428
vt 0.181818187236786 0.636363625526428
vt 0.212121218442917 0.636363625526428
vt 0.242424249649048 0.636363625526428
vt 0.272727280855179 0.636363625526428
vt 0.30303031206131 0.636363625526428
vt 0.333333343267441 0.636363625526428
vt 0.363636374473572 0.636363625526428
vt 0.393939405679703 0.636363625526428
vt 0.424242436885834 0.636363625526428
vt 0.454545468091965 0.636363625526428
vt 0.484848499298096 0.636363625526428
vt 0.515151500701904 0.636363625526428
vt 0.545454561710358 0.636363625526428
vt 0.575757563114166 0.636363625526428
vt 0.60606062412262 0.636363625526428
vt 0.636363625526428 0.636363625526428
vt 0.666666686534882 0.636363625526428
vt 0.69696968793869 0.636363625526428
vt 0.727272748947144 0.636363625526428
vt 0.757575750350952 0.636363625526428
vt 0.787878811359406 0.636363625526428
vt 0.818181812763214 0.636363625526428
vt 0.848484873771667 0.636363625526428
vt 0.878787875175476 0.636363625526428
vt 0.909090936183929 0.636363625526428
vt 0.939393937587738 0.636363625526428
vt 0.969696998596191 0.636363625526428
vt 0 0.60606062412262
vt 0.030303031206131 0.60606062412262
vt 0.060606062412262 0.60606062412262
vt 0.0909090936183929 0.60606062412262
vt 0.121212124824524 0.60606062412262
vt 0.151515156030655 0.60606062412262
vt 0.181818187236786 0.60606062412262
vt 0.212121218442917 0.60606062412262
vt 0.242424249649048 0.60606062412262
vt 0.272727280855179 0.60606062412262
vt 0.30303031206131 0.60606062412262
vt 0.333333343267441 0.60606062412262
vt 0.363636374473572 0.60606062412262
vt 0.393939405679703 0.60606062412262
vt 0.424242436885834 0.60606062412262
vt 0.454545468091965 0.60606062412262
vt 0.484848499298096 0.60606062412262
vt 0.515151500701904 0.60606062412262
vt 0.545454561710358 0.60606062412262
vt 0.575757563114166 0.60606062412262
vt 0.60606062412262 0.60606062412262
vt 0.636363625526428 0.60606062412262
vt 0.666666686534882 0.60606062412262
vt 0.69696968793869 0.60606062412262
vt 0.727272748947144 0.60606062412262
vt 0.757575750350952 0.60606062412262
vt 0.787878811359406 0.60606062412262
vt 0.818181812763214 0.60606062412262
vt 0.848484873771667 0.60606062412262
vt 0.878787875175476 0.60606062412262
vt 0.909090936183929 0.60606062412262
vt 0.939393937587738 0.60606062412262
vt 0.969696998596191 0.60606062412262
vt 0 0.575757563114166
vt 0.030303031206131 0.575757563114166
vt 0.060606062412262 0.575757563114166
vt 0.0909090936183929 0.575757563114166
vt 0.121212124824524 0.575757563114166
vt 0.151515156030655 0.575757563114166
vt 0.181818187236786 0.575757563114166
vt 0.212121218442917 0.575757563114166
vt 0.242424249649048 0.575757563114166
vt 0.272727280855179 0.575757563114166
vt 0.30303031206131 0.575757563114166
vt 0.333333343267441 0.575757563114166
vt 0.363636374473572 0.575757563114166
vt 0.393939405679703 0.575757563114166
vt 0.424242436885834 0.575757563114166
vt 0.454545468091965 0.575757563114166
vt 0.484848499298096 0.575757563114166
vt 0.515151500701904 0.575757563114166
vt 0.545454561710358 0.575757563114166
vt 0.575757563114166 0.575757563114166
vt 0.60606062412262 0.575757563114166
vt 0.636363625526428 0.575757563114166
vt 0.666666686534882 0.575757563114166
vt 0.69696968793869 0.575757563114166
vt 0.727272748947144 0.575757563114166
vt 0.757575750350952 0.575757563114166
vt 0.787878811359406 0.575757563114166
vt 0.818181812763214 0.575757563114166
vt 0.848484873771667 0.575757563114166
vt 0.878787875175476 0.575757563114166
vt 0.909090936183929 0.575757563114166
vt 0.939393937587738 0.575757563114166
vt 0.969696998596191 0.575757563114166
vt 0 0.545454561710358
vt 0.030303031206131 0.545454561710358
vt 0.060606062412262 0.545454561710358
vt 0.0909090936183929 0.545454561710358
vt 0.121212124824524 0.545454561710358
vt 0.151515156030655 0.545454561710358
vt 0.181818187236786 0.545454561710358
vt 0.212121218442917 0.545454561710358
vt 0.242424249649048 0.545454561710358
vt 0.272727280855179 0.545454561710358
vt 0.30303031206131 0.545454561710358
vt 0.333333343267441 0.545454561710358
vt 0.363636374473572 0.545454561710358
vt 0.393939405679703 0.545454561710358
vt 0.424242436885834 0.545454561710358
vt 0.454545468091965 0.545454561710358
vt 0.484848499298096 0.545454561710358
vt 0.515151500701904 0.545454561710358
vt 0.545454561710358 0.545454561710358
vt 0.575757563114166 0.545454561710358
vt 0.60606062412262 0.545454561710358
vt 0.636363625526428 0.545454561710358
vt 0.666666686534882 0.545454561710358
vt 0.69696968793869 0.545454561710358
vt 0.727272748947144 0.545454561710358
vt 0.757575750350952 0.545454561710358
vt 0.787878811359406 0.545454561710358
vt 0.818181812763214 0.545454561710358
vt 0.848484873771667 0.545454561710358
vt 0.878787875175476 0.545454561710358
vt 0.909090936183929 0.545454561710358
vt 0.939393937587738 0.545454561710358
vt 0.969696998596191 0.545454561710358
vt 0 0.515151500701904
vt 0.030303031206131 0.515151500701904
vt 0.060606062412262 0.515151500701904
vt 0.0909090936183929 0.515151500701904
vt 0.121212124824524 0.515151500701904
vt 0.151515156030655 0.515151500701904
vt 0.181818187236786 0.515151500701904
vt 0.212121218442917 0.515151500701904
vt 0.242424249649048 0.515151500701904
vt 0.272727280855179 0.515151500701904
vt 0.30303031206131 0.515151500701904
vt 0.333333343267441 0.515151500701904
vt 0.363636374473572 0.515151500701904
vt 0.393939405679703 0.515151500701904
vt 0.424242436885834 0.515151500701904
vt 0.454545468091965 0.515151500701904
vt 0.484848499298096 0.515151500701904
vt 0.515151500701904 0.515151500701904
vt 0.545454561710358 0.515151500701904
vt 0.575757563114166 0.515151500701904
vt 0.60606062412262 0.515151500701904
vt 0.636363625526428 0.515151500701904
vt 0.666666686534882 0.515151500701904
vt 0.69696968793869 0.515151500701904
vt 0.727272748947144 0.515151500701904
vt 0.757575750350952 0.515151500701904
vt 0.787878811359406 0.515151500701904
vt 0.818181812763214 0.515151500701904
vt 0.848484873771667 0.515151500701904
vt 0.878787875175476 0.515151500701904
vt 0.909090936183929 0.515151500701904
vt 0.939393937587738 0.515151500701904
vt 0.969696998596191 0.515151500701904
vt 0 0.484848499298096
vt 0.030303031206131 0.484848499298096
vt 0.060606062412262 0.484848499298096
vt 0.0909090936183929 0.484848499298096
vt 0.121212124824524 0.484848499298096
vt 0.151515156030655 0.484848499298096
vt 0.181818187236786 0.484848499298096
vt 0.212121218442917 0.484848499298096
vt 0.242424249649048 0.484848499298096
vt 0.272727280855179 0.484848499298096
vt 0.30303031206131 0.484848499298096
vt 0.333333343267441 0.484848499298096
vt 0.363636374473572 0.484848499298096
vt 0.393939405679703 0.484848499298096
vt 0.424242436885834 0.484848499298096
vt 0.454545468091965 0.484848499298096
vt 0.484848499298096 0.484848499298096
vt 0.515151500701904 0.484848499298096
vt 0.545454561710358 0.484848499298096
vt 0.575757563114166 0.484848499298096
vt 0.60606062412262 0.484848499298096
vt 0.636363625526428 0.484848499298096
vt 0.666666686534882 0.484848499298096
vt 0.69696968793869 0.484848499298096
vt 0.727272748947144 0.484848499298096
vt 0.757575750350952 0.484848499298096
vt 0.787878811359406 0.484848499298096
vt 0.818181812763214 0.484848499298096
vt 0.848484873771667 0.484848499298096
vt 0.878787875175476 0.484848499298096
vt 0.909090936183929 0.484848499298096
vt 0.939393937587738 0.484848499298096
vt 0.969696998596191 0.484848499298096
vt 0 0.454545468091965
vt 0.030303031206131 0.454545468091965
vt 0.060606062412262 0.454545468091965
vt 0.0909090936183929 0.454545468091965
vt 0.121212124824524 0.454545468091965
vt 0.151515156030655 0.454545468091965
vt 0.181818187236786 0.454545468091965
vt 0.212121218442917 0.454545468091965
vt 0.242424249649048 0.454545468091965
vt 0.272727280855179 0.454545468091965
vt 0.30303031206131 0.454545468091965
vt 0.333333343267441 0.454545468091965
vt 0.363636374473572 0.454545468091965
vt 0.393939405679703 0.454545468091965
vt 0.424242436885834 0.454545468091965
vt 0.454545468091965 0.454545468091965
vt 0.484848499298096 0.454545468091965
vt 0.515151500701904 0.454545468091965
vt 0.545454561710358 0.454545468091965
vt 0.575757563114166 0.454545468091965
vt 0.60606062412262 0.454545468091965
vt 0.636363625526428 0.454545468091965
vt 0.666666686534882 0.454545468091965
vt 0.69696968793869 0.454545468091965
vt 0.727272748947144 0.454545468091965
vt 0.757575750350952 0.454545468091965
vt 0.787878811359406 0.454545468091965
vt 0.818181812763214 0.454545468091965
vt 0.848484873771667 0.454545468091965
vt 0.878787875175476 0.454545468091965
vt 0.909090936183929 0.454545468091965
vt 0.939393937587738 0.454545468091965
vt 0.969696998596191 0.454545468091965
vt 0 0.424242436885834
vt 0.030303031206131 0.424242436885834
vt 0.060606062412262 0.424242436885834
vt 0.0909090936183929 0.424242436885834
vt 0.121212124824524 0.424242436885834
vt 0.151515156030655 0.424242436885834
vt 0.181818187236786 0.424242436885834
vt 0.212121218442917 0.424242436885834
vt 0.242424249649048 0.424242436885834
vt 0.272727280855179 0.424242436885834
vt 0.30303031206131 0.424242436885834
vt 0.333333343267441 0.424242436885834
vt 0.363636374473572 0.424242436885834
vt 0.393939405679703 0.424242436885834
vt 0.424242436885834 0.424242436885834
vt 0.454545468091965 0.424242436885834
vt 0.484848499298096 0.424242436885834
vt 0.515151500701904 0.424242436885834
vt 0.545454561710358 0.424242436885834
vt 0.575757563114166 0.424242436885834
vt 0.60606062412262 0.424242436885834
vt 0.636363625526428 0.424242436885834
vt 0.666666686534882 0.424242436885834
vt 0.69696968793869 0.424242436885834
vt 0.727272748947144 0.424242436885834
vt 0.757575750350952 0.424242436885834
vt 0.787878811359406 0.424242436885834
vt 0.818181812763214 0.424242436885834
vt 0.848484873771667 0.424242436885834
vt 0.878787875175476 0.424242436885834
vt 0.909090936183929 0.424242436885834
vt 0.939393937587738 0.424242436885834
vt 0.969696998596191 0.424242436885834
vt 0 0.393939405679703
vt 0.030303031206131 0.393939405679703
vt 0.060606062412262 0.393939405679703
vt 0.0909090936183929 0.393939405679703
vt 0.121212124824524 0.393939405679703
vt 0.151515156030655 0.393939405679703
vt 0.181818187236786 0.393939405679703
vt 0.212121218442917 0.393939405679703
vt 0.242424249649048 0.393939405679703
vt 0.272727280855179 0.393939405679703
vt 0.30303031206131 0.393939405679703
vt 0.333333343267441 0.393939405679703
vt 0.363636374473572 0.393939405679703
vt 0.393939405679703 0.393939405679703
vt 0.424242436885834 0.393939405679703
vt 0.454545468091965 0.393939405679703
vt 0.484848499298096 0.393939405679703
vt 0.515151500701904 0.393939405679703
vt 0.545454561710358 0.393939405679703
vt 0.575757563114166 0.393939405679703
vt 0.60606062412262 0.393939405679703
vt 0.636363625526428 0.393939405679703
vt 0.666666686534882 0.393939405679703
vt 0.69696968793869 0.393939405679703
vt 0.727272748947144 0.393939405679703
vt 0.757575750350952 0.393939405679703
vt 0.787878811359406 0.393939405679703
vt 0.818181812763214 0.393939405679703
vt 0.848484873771667 0.393939405679703
vt 0.878787875175476 0.393939405679703
vt 0.909090936183929 0.393939405679703
vt 0.939393937587738 0.393939405679703
vt 0.969696998596191 0.393939405679703
vt 0 0.363636374473572
vt 0.030303031206131 0.363636374473572
vt 0.060606062412262 0.363636374473572
vt 0.0909090936183929 0.363636374473572
vt 0.121212124824524 0.363636374473572
vt 0.151515156030655 0.363636374473572
vt 0.181818187236786 0.363636374473572
vt 0.212121218442917 0.363636374473572
vt 0.242424249649048 0.363636374473572
vt 0.272727280855179 0.363636374473572
vt 0.30303031206131 0.363636374473572
vt 0.333333343267441 0.363636374473572
vt 0.363636374473572 0.363636374473572
vt 0.393939405679703 0.363636374473572
vt 0.424242436885834 0.363636374473572
vt 0.454545468091965 0.363636374473572
vt 0.484848499298096 0.363636374473572
vt 0.515151500701904 0.363636374473572
vt 0.545454561710358 0.363636374473572
vt 0.575757563114166 0.363636374473572
vt 0.60606062412262 0.363636374473572
vt 0.636363625526428 0.363636374473572
vt 0.666666686534882 0.363636374473572
vt 0.69696968793869 0.363636374473572
vt 0.727272748947144 0.363636374473572
vt 0.757575750350952 0.363636374473572
vt 0.787878811359406 0.363636374473572
vt 0.818181812763214 0.363636374473572
vt 0.848484873771667 0.363636374473572
vt 0.878787875175476 0.363636374473572
vt 0.909090936183929 0.363636374473572
vt 0.939393937587738 0.363636374473572
vt 0.969696998596191 0.363636374473572
vt 0 0.333333343267441
vt 0.030303031206131 0.333333343267441
vt 0.060606062412262 0.333333343267441
vt 0.0909090936183929 0.333333343267441
vt 0.121212124824524 0.333333343267441
vt 0.151515156030655 0.333333343267441
vt 0.181818187236786 0.333333343267441
vt 0.212121218442917 0.333333343267441
vt 0.242424249649048 0.333333343267441
vt 0.272727280855179 0.333333343267441
vt 0.30303031206131 0.333333343267441
vt 0.333333343267441 0.333333343267441
vt 0.363636374473572 0.333333343267441
vt 0.393939405679703 0.333333343267441
vt 0.424242436885834 0.333333343267441
vt 0.454545468091965 0.333333343267441
vt 0.484848499298096 0.333333343267441
vt 0.515151500701904 0.333333343267441
vt 0.545454561710358 0.333333343267441
vt 0.575757563114166 0.333333343267441
vt 0.60606062412262 0.333333343267441
vt 0.636363625526428 0.333333343267441
vt 0.666666686534882 0.333333343267441
vt 0.69696968793869 0.333333343267441
vt 0.727272748947144 0.333333343267441
vt 0.757575750350952 0.333333343267441
vt 0.787878811359406 0.333333343267441
vt 0.818181812763214 0.333333343267441
vt 0.848484873771667 0.333333343267441
vt 0.878787875175476 0.333333343267441
vt 0.909090936183929 0.333333343267441
vt 0.939393937587738 0.333333343267441
vt 0.969696998596191 0.333333343267441
vt 0 0.30303031206131
vt 0.030303031206131 0.30303031206131
vt 0.060606062412262 0.30303031206131
vt 0.0909090936183929 0.30303031206131
vt 0.121212124824524 0.30303031206131
vt 0.151515156030655 0.30303031206131
vt 0.181818187236786 0.30303031206131
vt 0.212121218442917 0.30303031206131
vt 0.242424249649048 0.30303031206131
vt 0.272727280855179 0.30303031206131
vt 0.30303031206131 0.30303031206131
vt 0.333333343267441 0.30303031206131
vt 0.363636374473572 0.30303031206131
vt 0.393939405679703 0.30303031206131
vt 0.424242436885834 0.30303031206131
vt 0.454545468091965 0.30303031206131
vt 0.484848499298096 0.30303031206131
vt 0.515151500701904 0.30303031206131
vt 0.545454561710358 0.30303031206131
vt 0.575757563114166 0.30303031206131
vt 0.60606062412262 0.30303031206131
vt 0.636363625526428 0.30303031206131
vt 0.666666686534882 0.30303031206131
vt 0.69696968793869 0.30303031206131
vt 0.727272748947144 0.30303031206131
vt 0.757575750350952 0.30303031206131
vt 0.787878811359406 0.30303031206131
vt 0.818181812763214 0.30303031206131
vt 0.848484873771667 0.30303031206131
vt 0.878787875175476 0.30303031206131
vt 0.909090936183929 0.30303031206131
vt 0.939393937587738 0.30303031206131
vt 0.969696998596191 0.30303031206131
vt 0 0.272727280855179
vt 0.030303031206131 0.272727280855179
vt 0.060606062412262 0.272727280855179
vt 0.0909090936183929 0.272727280855179
vt 0.121212124824524 0.272727280855179
vt 0.151515156030655 0.272727280855179
vt 0.181818187236786 0.272727280855179
vt 0.212121218442917 0.272727280855179
vt 0.242424249649048 0.272727280855179
vt 0.272727280855179 0.272727280855179
vt 0.30303031206131 0.272727280855179
vt 0.333333343267441 0.272727280855179
vt 0.363636374473572 0.272727280855179
vt 0.393939405679703 0.272727280855179
vt 0.424242436885834 0.272727280855179
vt 0.454545468091965 0.272727280855179
vt 0.484848499298096 0.272727280855179
vt 0.515151500701904 0.272727280855179
vt 0.545454561710358 0.272727280855179
vt 0.575757563114166 0.272727280855179
vt 0.60606062412262 0.272727280855179
vt 0.636363625526428 0.272727280855179
vt 0.666666686534882 0.272727280855179
vt 0.69696968793869 0.272727280855179
vt 0.727272748947144 0.272727280855179
vt 0.757575750350952 0.272727280855179
vt 0.787878811359406 0.272727280855179
vt 0.818181812763214 0.272727280855179
vt 0.848484873771667 0.272727280855179
vt 0.878787875175476 0.272727280855179
vt 0.909090936183929 0.272727280855179
vt 0.939393937587738 0.272727280855179
vt 0.969696998596191 0.272727280855179
vt 0 0.242424249649048
vt 0.030303031206131 0.242424249649048
vt 0.060606062412262 0.242424249649048
vt 0.0909090936183929 0.242424249649048
vt 0.121212124824524 0.242424249649048
vt 0.151515156030655 0.242424249649048
vt 0.181818187236786 0.242424249649048
vt 0.212121218442917 0.242424249649048
vt 0.242424249649048 0.242424249649048
vt 0.272727280855179 0.242424249649048
vt 0.30303031206131 0.242424249649048
vt 0.333333343267441 0.242424249649048
vt 0.363636374473572 0.242424249649048
vt 0.393939405679703 0.242424249649048
vt 0.424242436885834 0.242424249649048
vt 0.454545468091965 0.242424249649048
vt 0.484848499298096 0.242424249649048
vt 0.515151500701904 0.242424249649048
vt 0.545454561710358 0.242424249649048
vt 0.575757563114166 0.242424249649048
vt 0.60606062412262 0.242424249649048
vt 0.636363625526428 0.242424249649048
vt 0.666666686534882 0.242424249649048
vt 0.69696968793869 0.242424249649048
vt 0.727272748947144 0.242424249649048
vt 0.757575750350952 0.242424249649048
vt 0.787878811359406 0.242424249649048
vt 0.818181812763214 0.242424249649048
vt 0.848484873771667 0.242424249649048
vt 0.878787875175476 0.242424249649048
vt 0.909090936183929 0.242424249649048
vt 0.939393937587738 0.242424249649048
vt 0.969696998596191 0.242424249649048
vt 0 0.212121218442917
vt 0.030303031206131 0.212121218442917
vt 0.060606062412262 0.212121218442917
vt 0.0909090936183929 0.212121218442917
vt 0.121212124824524 0.212121218442917
vt 0.151515156030655 0.212121218442917
vt 0.181818187236786 0.212121218442917
vt 0.212121218442917 0.212121218442917
vt 0.242424249649048 0.212121218442917
vt 0.272727280855179 0.212121218442917
vt 0.30303031206131 0.212121218442917
vt 0.333333343267441 0.212121218442917
vt 0.363636374473572 0.212121218442917
vt 0.393939405679703 0.212121218442917
vt 0.424242436885834 0.212121218442917
vt 0.454545468091965 0.212121218442917
vt 0.484848499298096 0.212121218442917
vt 0.515151500701904 0.212121218442917
vt 0.545454561710358 0.212121218442917
vt 0.575757563114166 0.212121218442917
vt 0.60606062412262 0.212121218442917
vt 0.636363625526428 0.212121218442917
vt 0.666666686534882 0.212121218442917
vt 0.69696968793869 0.212121218442917
vt 0.727272748947144 0.212121218442917
vt 0.757575750350952 0.212121218442917
vt 0.787878811359406 0.212121218442917
vt 0.818181812763214 0.212121218442917
vt 0.848484873771667 0.212121218442917
vt 0.878787875175476 0.212121218442917
vt 0.909090936183929 0.212121218442917
vt 0.939393937587738 0.212121218442917
vt 0.969696998596191 0.212121218442917
vt 0 0.181818187236786
vt 0.030303031206131 0.181818187236786
vt 0.060606062412262 0.181818187236786
vt 0.0909090936183929 0.181818187236786
vt 0.121212124824524 0.181818187236786
vt 0.151515156030655 0.181818187236786
vt 0.181818187236786 0.181818187236786
vt 0.212121218442917 0.181818187236786
vt 0.242424249649048 0.181818187236786
vt 0.272727280855179 0.181818187236786
vt 0.30303031206131 0.181818187236786
vt 0.333333343267441 0.181818187236786
vt 0.363636374473572 0.181818187236786
vt 0.393939405679703 0.181818187236786
vt 0.424242436885834 0.181818187236786
vt 0.454545468091965 0.181818187236786
vt 0.484848499298096 0.181818187236786
vt 0.515151500701904 0.181818187236786
vt 0.545454561710358 0.181818187236786
vt 0.575757563114166 0.181818187236786
vt 0.60606062412262 0.181818187236786
vt 0.636363625526428 0.181818187236786
vt 0.666666686534882 0.181818187236786
vt 0.69696968793869 0.181818187236786
vt 0.727272748947144 0.181818187236786
vt 0.757575750350952 0.181818187236786
vt 0.787878811359406 0.181818187236786
vt 0.818181812763214 0.181818187236786
vt 0.848484873771667 0.181818187236786
vt 0.878787875175476 0.181818187236786
vt 0.909090936183929 0.181818187236786
vt 0.939393937587738 0.181818187236786
vt 0.969696998596191 0.181818187236786
vt 0 0.151515156030655
vt 0.030303031206131 0.151515156030655
vt 0.060606062412262 0.151515156030655
vt 0.0909090936183929 0.151515156030655
vt 0.121212124824524 0.151515156030655
vt 0.151515156030655 0.151515156030655
vt 0.181818187236786 0.151515156030655
vt 0.212121218442917 0.151515156030655
vt 0.242424249649048 0.151515156030655
vt 0.272727280855179 0.151515156030655
vt 0.30303031206131 0.151515156030655
vt 0.333333343267441 0.151515156030655
vt 0.363636374473572 0.151515156030655
vt 0.393939405679703 0.151515156030655
vt 0.424242436885834 0.151515156030655
vt 0.454545468091965 0.151515156030655
vt 0.484848499298096 0.151515156030655
vt 0.515151500701904 0.151515156030655
vt 0.545454561710358 0.151515156030655
vt 0.575757563114166 0.151515156030655
vt 0.60606062412262 0.151515156030655
vt 0.636363625526428 0.151515156030655
vt 0.666666686534882 0.151515156030655
vt 0.69696968793869 0.151515156030655
vt 0.727272748947144 0.151515156030655
vt 0.757575750350952 0.151515156030655
vt 0.787878811359406 0.151515156030655
vt 0.818181812763214 0.151515156030655
vt 0.848484873771667 0.151515156030655
vt 0.878787875175476 0.151515156030655
vt 0.909090936183929 0.151515156030655
vt 0.939393937587738 0.151515156030655
vt 0.969696998596191 0.151515156030655
vt 0 0.121212124824524
vt 0.030303031206131 0.121212124824524
vt 0.060606062412262 0.121212124824524
vt 0.0909090936183929 0.121212124824524
vt 0.121212124824524 0.121212124824524
vt 0.151515156030655 0.121212124824524
vt 0.181818187236786 0.121212124824524
vt 0.212121218442917 0.121212124824524
vt 0.242424249649048 0.121212124824524
vt 0.272727280855179 0.121212124824524
vt 0.30303031206131 0.121212124824524
vt 0.333333343267441 0.121212124824524
vt 0.363636374473572 0.121212124824524
vt 0.393939405679703 0.121212124824524
vt 0.424242436885834 0.121212124824524
vt 0.454545468091965 0.121212124824524
vt 0.484848499298096 0.121212124824524
vt 0.515151500701904 0.121212124824524
vt 0.545454561710358 0.121212124824524
vt 0.575757563114166 0.121212124824524
vt 0.60606062412262 0.121212124824524
vt 0.636363625526428 0.121212124824524
vt 0.666666686534882 0.121212124824524
vt 0.69696968793869 0.121212124824524
vt 0.727272748947144 0.121212124824524
vt 0.757575750350952 0.121212124824524
vt 0.787878811359406 0.121212124824524
vt 0.818181812763214 0.121212124824524
vt 0.848484873771667 0.121212124824524
vt 0.878787875175476 0.121212124824524
vt 0.909090936183929 0.121212124824524
vt 0.939393937587738 0.121212124824524
vt 0.969696998596191 0.121212124824524
vt 0 0.0909090936183929
vt 0.030303031206131 0.0909090936183929
vt 0.060606062412262 0.0909090936183929
vt 0.0909090936183929 0.0909090936183929
vt 0.121212124824524 0.0909090936183929
vt 0.151515156030655 0.0909090936183929
vt 0.181818187236786 0.0909090936183929
vt 0.212121218442917 0.0909090936183929
vt 0.242424249649048 0.0909090936183929
vt 0.272727280855179 0.0909090936183929
vt 0.30303031206131 0.0909090936183929
vt 0.333333343267441 0.0909090936183929
vt 0.363636374473572 0.0909090936183929
vt 0.393939405679703 0.0909090936183929
vt 0.424242436885834 0.0909090936183929
vt 0.454545468091965 0.0909090936183929
vt 0.484848499298096 0.0909090936183929
vt 0.515151500701904 0.0909090936183929
vt 0.545454561710358 0.0909090936183929
vt 0.575757563114166 0.0909090936183929
vt 0.60606062412262 0.0909090936183929
vt 0.636363625526428 0.0909090936183929
vt 0.666666686534882 0.0909090936183929
vt 0.69696968793869 0.0909090936183929
vt 0.727272748947144 0.0909090936183929
vt 0.757575750350952 0.0909090936183929
vt 0.787878811359406 0.0909090936183929
vt 0.818181812763214 0.0909090936183929
vt 0.848484873771667 0.0909090936183929
vt 0.878787875175476 0.0909090936183929
vt 0.909090936183929 0.0909090936183929
vt 0.939393937587738 0.0909090936183929
vt 0.969696998596191 0.0909090936183929
vt 0 0.060606062412262
vt 0.030303031206131 0.060606062412262
vt 0.060606062412262 0.060606062412262
vt 0.0909090936183929 0.060606062412262
vt 0.121212124824524 0.060606062412262
vt 0.151515156030655 0.060606062412262
vt 0.181818187236786 0.060606062412262
vt 0.212121218442917 0.060606062412262
vt 0.242424249649048 0.060606062412262
vt 0.272727280855179 0.060606062412262
vt 0.30303031206131 0.060606062412262
vt 0.333333343267441 0.060606062412262
vt 0.363636374473572 0.060606062412262
vt 0.393939405679703 0.060606062412262
vt 0.424242436885834 0.060606062412262
vt 0.454545468091965 0.060606062412262
vt 0.484848499298096 0.060606062412262
vt 0.515151500701904 0.060606062412262
vt 0.545454561710358 0.060606062412262
vt 0.575757563114166 0.060606062412262
vt 0.60606062412262 0.060606062412262
vt 0.636363625526428 0.060606062412262
vt 0.666666686534882 0.060606062412262
vt 0.69696968793869 0.060606062412262
vt 0.727272748947144 0.060606062412262
vt 0.757575750350952 0.060606062412262
vt 0.787878811359406 0.060606062412262
vt 0.818181812763214 0.060606062412262
vt 0.848484873771667 0.060606062412262
vt 0.878787875175476 0.060606062412262
vt 0.909090936183929 0.060606062412262
vt 0.939393937587738 0.060606062412262
vt 0.969696998596191 0.060606062412262
vt 0 0.030303031206131
vt 0.030303031206131 0.030303031206131
vt 0.060606062412262 0.030303031206131
vt 0.0909090936183929 0.030303031206131
vt 0.121212124824524 0.030303031206131
vt 0.151515156030655 0.030303031206131
vt 0.181818187236786 0.030303031206131
vt 0.212121218442917 0.030303031206131
vt 0.242424249649048 0.030303031206131
vt 0.272727280855179 0.030303031206131
vt 0.30303031206131 0.030303031206131
vt 0.333333343267441 0.030303031206131
vt 0.363636374473572 0.030303031206131
vt 0.393939405679703 0.030303031206131
vt 0.424242436885834 0.030303031206131
vt 0.454545468091965 0.030303031206131
vt 0.484848499298096 0.030303031206131
vt 0.515151500701904 0.030303031206131
vt 0.545454561710358 0.030303031206131
vt 0.575757563114166 0.030303031206131
vt 0.60606062412262 0.030303031206131
vt 0.636363625526428 0.030303031206131
vt 0.666666686534882 0.030303031206131
vt 0.69696968793869 0.030303031206131
vt 0.727272748947144 0.030303031206131
vt 0.757575750350952 0.030303031206131
vt 0.787878811359406 0.030303031206131
vt 0.818181812763214 0.030303031206131
vt 0.848484873771667 0.030303031206131
vt 0.878787875175476 0.030303031206131
vt 0.909090936183929 0.030303031206131
vt 0.939393937587738 0.030303031206131
vt 0.969696998596191 0.030303031206131

f 34/34 35/35 2/2 1/1
f 35/35 36/36 3/3 2/2
f 36/36 37/37 4/4 3/3
f 37/37 38/38 5/5 4/4
f 38/38 39/39 6/6 5/5
f 39/39 40/40 7/7 6/6
f 40/40 41/41 8/8 7/7
f 41/41 42/42 9/9 8/8
f 42/42 43/43 10/10 9/9
f 43/43 44/44 11/11 10/10
f 44/44 45/45 12/12 11/11
f 45/45 46/46 13/13 12/12
f 46/46 47/47 14/14 13/13
f 47/47 48/48 15/15 14/14
f 48/48 49/49 16/16 15/15
f 49/49 50/50 17/17 16/16
f 50/50 51/51 18/18 17/17
f 51/51 52/52 19/19 18/18
f 52/52 53/53 20/20 19/19
f 53/53 54/54 21/21 20/20
f 54/54 55/55 22/22 21/21
f 55/55 56/56 23/23 22/22
f 56/56 57/57 24/24 23/23
f 57/57 58/58 25/25 24/24
f 58/58 59/59 26/26 25/25
f 59/59 60/60 27/27 26/26
f 60/60 61/61 28/28 27/27
f 61/61 62/62 29/29 28/28
f 62/62 63/63 30/30 29/29
f 63/63 64/64 31/31 30/30
f 64/64 65/65 32/32 31/31
f 65/65 66/66 33/33 32/32
f 67/67 68/68 35/35 34/34
f 68/68 69/69 36/36 35/35
f 69/69 70/70 37/37 36/36
f 70/70 71/71 38/38 37/37
f 71/71 72/72 39/39 38/38
f 72/72 73/73 40/40 39/39
f 73/73 74/74 41/41 40/40
f 74/74 75/75 42/42 41/41
f 75/75 76/76 43/43 42/42
f 76/76 77/77 44/44 43/43
f 77/77 78/78 45/45 44/44
f 78/78 79/79 46/46 45/45
f 79/79 80/80 47/47 46/46
f 80/80 81/81 48/48 47/47
f 81/81 82/82 49/49 48/48
f 82/82 83/83 50/50 49/49
f 83/83 84/84 51/51 50/50
f 84/84 85/85 52/52 51/51
f 85/85 86/86 53/53 52/52
f 86/86 87/87 54/54 53/53
f 87/87 88/88 55/55 54/54
f 88/88 89/89 56/56 55/55
f 89/89 90/90 57/57 56/56
f 90/90 91/91 58/58 57/57
f 91/91 92/92 59/59 58/58
f 92/92 93/93 60/60 59/59
f 93/93 94/94 61/61 60/60
f 94/94 95/95 62/62 61/61
f 95/95 96/96 63/63 62/62
f 96/96 97/97 64/64 63/63
f 97/97 98/98 65/65 64/64
f 98/98 99/99 66/66 65/65
f 100/100 101/101 68/68 67/67
f 101/101 102/102 69/69 68/68
f 102/102 103/103 70/70 69/69
f 103/103 104/104 71/71 70/70
f 104/104 105/105 72/72 71/71
f 105/105 106/106 73/73 72/72
f 106/106 107/107 74/74 73/73
f 107/107 108/108 75/75 74/74
f 108/108 109/109 76/76 75/75
f 109/109 110/110 77/77 76/76
f 110/110 111/111 78/78 77/77
f 111/111 112/112 79/79 78/78
f 112/112 113/113 80/80 79/79
f 113/113 114/114 81/81 80/80
f 114/114 115/115 82/82 81/81
f 115/115 116/116 83/83 82/82
f 116/116 117/117 84/84 83/83
f 117/117 118/118 85/85 84/84
f 118/118 119/119 86/86 85/85
f 119/119 120/120 87/87 86/86
f 120/120 121/121 88/88 87/87
f 121/121 122/122 89/89 88/88
f 122/122 123/123 90/90 89/89
f 123/123 124/124 91/91 90/90
f 124/124 125/125 92/92 91/91
f 125/125 126/126 93/93 92/92
f 126/126 127/127 94/94 93/93
f 127/127 128/128 95/95 94/94
f 128/128 129/129 96/96 95/95
f 129/129 130/130 97/97 96/96
f 130/130 131/131 98/98 97/97
f 131/131 132/132 99/99 98/98
f 133/133 134/134 101/101 100/100
f 134/134 135/135 102/102 101/101
f 135/135 136/136 103/103 102/102
f 136/136 137/137 104/104 103/103
f 137/137 138/138 105/105 104/104
f 138/138 139/139 106/106 105/105
f 139/139 140/140 107/107 106/106
f 140/140 141/141 108/108 107/107
f 141/141 142/142 109/109 108/108
f 142/142 143/143 110/110 109/109
f 143/143 144/144 111/111 110/110
f 144/144 145/145 112/112 111/111
f 145/145 146/146 113/113 112/112
f 146/146 147/147 114/114 113/113
f 147/147 148/148 115/115 114/114
f 148/148 149/149 116/116 115/115
f 149/149 150/150 117/117 116/116
f 150/150 151/151 118/118 117/117
f 151/151 152/152 119/119 118/118
f 152/152 153/153 120/120 119/119
f 153/153 154/154 121/121 120/120
f 154/154 155/155 122/122 121/121
f 155/155 156/156 123/123 122/122
f 156/156 157/157 124/124 123/123
f 157/157 158/158 125/125 124/124
f 158/158 159/159 126/126 125/125
f 159/159 160/160 127/127 126/126
f 160/160 161/161 128/128 127/127
f 161/161 162/162 129/129 128/128
f 162/162 163/163 130/130 129/129
f 163/163 164/164 131/131 130/130
f 164/164 165/165 132/132 131/131
f 166/166 167/167 134/134 133/133
f 167/167 168/168 135/135 134/134
f 168/168 169/169 136/136 135/135
f 169/169 170/170 137/137 136/136
f 170/170 171/171 138/138 137/137
f 171/171 172/172 139/139 138/138
f 172/172 173/173 140/140 139/139
f 173/173 174/174 141/141 140/140
f 174/174 175/175 142/142 141/141
f 175/175 176/176 143/143 142/142
f 176/176 177/177 144/144 143/143
f 177/177 178/178 145/145 144/144
f 178/178 179/179 146/146 145/145
f 179/179 180/180 147/147 146/146
f 180/180 181/181 148/148 147/147
f 181/181 182/182 149/149 148/148
f 182/182 183/183 150/150 149/149
f 183/183 184/184 151/151 150/150
f 184/184 185/185 152/152 151/151
f 185/185 186/186 153/153 152/152
f 186/186 187/187 154/154 153/153
f 187/187 188/188 155/155 154/154
f 188/188 189/189 156/156 155/155
f 189/189 190/190 157/157 156/156
f 190/190 191/191 158/158 157/157
f 191/191 192/192 159/159 158/158
f 192/192 193/193 160/160 159/159
f 193/193 194/194 161/161 160/160
f 194/194 195/195 162/162 161/161
f 195/195 196/196 163/163 162/162
f 196/196 197/197 164/164 163/163
f 197/197 198/198 165/165 164/164
f 199/199 200/200 167/167 166/166
f 200/200 201/201 168/168 167/167
f 201/201 202/202 169/169 168/168
f 202/202 203/203 170/170 169/169
f 203/203 204/204 171/171 170/170
f 204/204 205/205 172/172 171/171
f 205/205 206/206 173/173 172/172
f 206/206 207/207 174/174 173/173
f 207/207 208/208 175/175 174/174
f 208/208 209/209 176/176 175/175
f 209/209 210/210 177/177 176/176
f 210/210 211/211 178/178 177/177
f 211/211 212/212 179/179 178/178
f 212/212 213/213 180/180 179/179
f 213/213 214/214 181/181 180/180
f 214/214 215/215 182/182 181/181
f 215/215 216/216 183/183 182/182
f 216/216 217/217 184/184 183/183
f 217/217 218/218 185/185 184/184
f 218/218 219/219 186/186 185/185
f 219/219 220/220 187/187 186/186
f 220/220 221/221 188/188 187/187
f 221/221 222/222 189/189 188/188
f 222/222 223/223 190/190 189/189
f 223/223 224/224 191/191 190/190
f 224/224 225/225 192/192 191/191
f 225/225 226/226 193/193 192/192
f 226/226 227/227 194/194 193/193
f 227/227 228/228 195/195 194/194
f 228/228 229/229 196/196 195/195
f 229/229 230/230 197/197 196/196
f 230/230 231/231 198/198 197/197
f 232/232 233/233 200/200 199/199
f 233/233 234/234 201/201 200/200
f 234/234 235/235 202/202 201/201
f 235/235 236/236 203/203 202/202
f 236/236 237/237 204/204 203/203
f 237/237 238/238 205/205 204/204
f 238/238 239/239 206/206 205/205
f 239/239 240/240 207/207 206/206
f 240/240 241/241 208/208 207/207
f 241/241 242/242 209/209 208/208
f 242/242 243/243 210/210 209/209
f 243/243 244/244 211/211 210/210
f 244/244 245/245 212/212 211/211
f 245/245 246/246 213/213 212/212
f 246/246 247/247 214/214 213/213
f 247/247 248/248 215/215 214/214
f 248/248 249/249 216/216 215/215
f 249/249 250/250 217/217 216/216
f 250/250 251/251 218/218 217/217
f 251/251 252/252 219/219 218/218
f 252/252 253/253 220/220 219/219
f 253/253 254/254 221/221 220/220
f 254/254 255/255 222/222 221/221
f 255/255 256/256 223/223 222/222
f 256/256 257/257 224/224 223/223
f 257/257 258/258 225/225 224/224
f 258/258 259/259 226/226 225/225
f 259/259 260/260 227/227 226/226
f 260/260 261/261 228/228 227/227
f 261/261 262/262 229/229 228/228
f 262/262 263/263 230/230 229/229
f 263/263 264/264 231/231 230/230
f 265/265 266/266 233/233 232/232
f 266/266 267/267 234/234 233/233
f 267/267 268/268 235/235 234/234
f 268/268 269/269 236/236 235/235
f 269/269 270/270 237/237 236/236
f 270/270 271/271 238/238 237/237
f 271/271 272/272 239/239 238/238
f 272/272 273/273 240/240 239/239
f 273/273 274/274 241/241 240/240
f 274/274 275/275 242/242 241/241
f 275/275 276/276 243/243 242/242
f 276/276 277/277 244/244 243/243
f 277/277 278/278 245/245 244/244
f 278/278 279/279 246/246 245/245
f 279/279 280/280 247/247 246/246
f 280/280 281/281 248/248 247/247
f 281/281 282/282 249/249 248/248
f 282/282 283/283 250/250 249/249
f 283/283 284/284 251/251 250/250
f 284/284 285/285 252/252 251/251
f 285/285 286/286 253/253 252/252
f 286/286 287/287 254/254 253/253
f 287/287 288/288 255/255 254/254
f 288/288 289/289 256/256 255/255
f 289/289 290/290 257/257 256/256
f 290/290 291/291 258/258 257/257
f 291/291 292/292 259/259 258/258
f 292/292 293/293 260/260 259/259
f 293/293 294/294 261/261 260/260
f 294/294 295/295 262/262 261/261
f 295/295 296/296 263/263 262/262
f 296/296 297/297 264/264 263/263
f 298/298 299/299 266/266 265/265
f 299/299 300/300 267/267 266/266
f 300/300 301/301 268/268 267/267
f 301/301 302/302 269/269 268/268
f 302/302 303/303 270/270 269/269
f 303/303 304/304 271/271 270/270
f 304/304 305/305 272/272 271/271
f 305/305 306/306 273/273 272/272
f 306/306 307/307 274/274 273/273
f 307/307 308/308 275/275 274/274
f 308/308 309/309 276/276 275/275
f 309/309 310/310 277/277 276/276
f 310/310 311/311 278/278 277/277
f 311/311 312/312 279/279 278/278
f 312/312 313/313 280/280 279/279
f 313/313 314/314 281/281 280/280
f 314/314 315/315 282/282 281/281
f 315/315 316/316 283/283 282/282
f 316/316 317/317 284/284 283/283
f 317/317 318/318 285/285 284/284
f 318/318 319/319 286/286 285/285
f 319/319 320/320 287/287 286/286
f 320/320 321/321 288/288 287/287
f 321/321 322/322 289/289 288/288
f 322/322 323/323 290/290 289/289
f 323/323 324/324 291/291 290/290
f 324/324 325/325 292/292 291/291
f 325/325 326/326 293/293 292/292
f 326/326 327/327 294/294 293/293
f 327/327 328/328 295/295 294/294
f 328/328 329/329 296/296 295/295
f 329/329 330/330 297/297 296/296
f 331/331 332/332 299/299 298/298
f 332/332 333/333 300/300 299/299
f 333/333 334/334 301/301 300/300
f 334/334 335/335 302/302 301/301
f 335/335 336/336 303/303 302/302
f 336/336 337/337 304/304 303/303
f 337/337 338/338 305/305 304/304
f 338/338 339/339 306/306 305/305
f 339/339 340/340 307/307 306/306
f 340/340 341/341 308/308 307/307
f 341/341 342/342 309/309 308/308
f 342/342 343/343 310/310 309/309
f 343/343 344/344 311/311 310/310
f 344/344 345/345 312/312 311/311
f 345/345 346/346 313/313 312/312
f 346/346 347/347 314/314 313/313
f 347/347 348/348 315/315 314/314
f 348/348 349/349 316/316 315/315
f 349/349 350/350 317/317 316/316
f 350/350 351/351 318/318 317/317
f 351/351 352/352 319/319 318/318
f 352/352 353/353 320/320 319/319
f 353/353 354/354 321/321 320/320
f 354/354 355/355 322/322 321/321
f 355/355 356/356 323/323 322/322
f 356/356 357/357 324/324 323/323
f 357/357 358/358 325/325 324/324
f 358/358 359/359 326/326 325/325
f 359/359 360/360 327/327 326/326
f 360/360 361/361 328/328 327/327
f 361/361 362/362 329/329 328/328
f 362/362 363/363 330/330 329/329
f 364/364 365/365 332/332 331/331
f 365/365 366/366 333/333 332/332
f 366/366 367/367 334/334 333/333
f 367/367 368/368 335/335 334/334
f 368/368 369/369 336/336 335/335
f 369/369 370/370 337/337 336/336
f 370/370 371/371 338/338 337/337
f 371/371 372/372 339/339 338/338
f 372/372 373/373 340/340 339/339
f 373/373 374/374 341/341 340/340
f 374/374 375/375 342/342 341/341
f 375/375 376/376 343/343 342/342
f 376/376 377/377 344/344 343/343
f 377/377 378/378 345/345 344/344
f 378/378 379/379 346/346 345/345
f 379/379 380/380 347/347 346/346
f 380/380 381/381 348/348 347/347
f 381/381 382/382 349/349 348/348
f 382/382 383/383 350/350 349/349
f 383/383 384/384 351/351 350/350
f 384/384 385/385 352/352 351/351
f 385/385 386/386 353/353 352/352
f 386/386 387/387 354/354 353/353
f 387/387 388/388 355/355 354/354
f 388/388 389/389 356/356 355/355
f 389/389 390/390 357/357 356/356
f 390/390 391/391 358/358 357/357
f 391/391 392/392 359/359 358/358
f 392/392 393/393 360/360 359/359
f 393/393 394/394 361/361 360/360
f 394/394 395/395 362/362 361/361
f 395/395 396/396 363/363 362/362
f 397/397 398/398 365/365 364/364
f 398/398 399/399 366/366 365/365
f 399/399 400/400 367/367 366/366
f 400/400 401/401 368/368 367/367
f 401/401 402/402 369/369 368/368
f 402/402 403/403 370/370 369/369
f 403/403 404/404 371/371 370/370
f 404/404 405/405 372/372 371/371
f 405/405 406/406 373/373 372/372
f 406/406 407/407 374/374 373/373
f 407/407 408/408 375/375 374/374
f 408/408 409/409 376/376 375/375
f 409/409 410/410 377/377 376/376
f 410/410 411/411 378/378 377/377
f 411/411 412/412 379/379 378/378
f 412/412 413/413 380/380 379/379
f 413/413 414/414 381/381 380/380
f 414/414 415/415 382/382 381/381
f 415/415 416/416 383/383 382/382
f 416/416 417/417 384/384 383/383
f 417/417 418/418 385/385 384/384
f 418/418 419/419 386/386 385/385
f 419/419 420/420 387/387 386/386
f 420/420 421/421 388/388 387/387
f 421/421 422/422 389/389 388/388
f 422/422 423/423 390/390 389/389
f 423/423 424/424 391/391 390/390
f 424/424 425/425 392/392 391/391
f 425/425 426/426 393/393 392/392
f 426/426 427/427 394/394 393/393
f 427/427 428/428 395/395 394/394
f 428/428 429/429 396/396 395/395
f 430/430 431/431 398/398 397/397
f 431/431 432/432 399/399 398/398
f 432/432 433/433 400/400 399/399
f 433/433 434/434 401/401 400/400
f 434/434 435/435 402/402 401/401
f 435/435 436/436 403/403 402/402
f 436/436 437/437 404/404 403/403
f 437/437 438/438 405/405 404/404
f 438/438 439/439 406/406 405/405
f 439/439 440/440 407/407 406/406
f 440/440 441/441 408/408 407/407
f 441/441 442/442 409/409 408/408
f 442/442 443/443 410/410 409/409
f 443/443 444/444 411/411 410/410
f 444/444 445/445 412/412 411/411
f 445/445 446/446 413/413 412/412
f 446/446 447/447 414/414 413/413
f 447/447 448/448 415/415 414/414
f 448/448 449/449 416/416 415/415
f 449/449 450/450 417/417 416/416
f 450/450 451/451 418/418 417/417
f 451/451 452/452 419/419 418/418
f 452/452 453/453 420/420 419/419
f 453/453 454/454 421/421 420/420
f 454/454 455/455 422/422 421/421
f 455/455 456/456 423/423 422/422
f 456/456 457/457 424/424 423/423
f 457/457 458/458 425/425 424/424
f 458/458 459/459 426/426 425/425
f 459/459 460/460 427/427 426/426
f 460/460 461/461 428/428 427/427
f 461/461 462/462 429/429 428/428
f 463/463 464/464 431/431 430/430
f 464/464 465/465 432/432 431/431
f 465/465 466/466 433/433 432/432
f 466/466 467/467 434/434 433/433
f 467/467 468/468 435/435 434/434
f 468/468 469/469 436/436 435/435
f 469/469 470/470 437/437 436/436
f 470/470 471/471 438/438 437/437
f 471/471 472/472 439/439 438/438
f 472/472 473/473 440/440 439/439
f 473/473 474/474 441/441 440/440
f 474/474 475/475 442/442 441/441
f 475/475 476/476 443/443 442/442
f 476/476 477/477 444/444 443/443
f 477/477 478/478 445/445 444/444
f 478/478 479/479 446/446 445/445
f 479/479 480/480 447/447 446/446
f 480/480 481/481 448/448 447/447
f 481/481 482/482 449/449 448/448
f 482/482 483/483 450/450 449/449
f 483/483 484/484 451/451 450/450
f 484/484 485/485 452/452 451/451
f 485/485 486/486 453/453 452/452
f 486/486 487/487 454/454 453/453
f 487/487 488/488 455/455 454/454
f 488/488 489/489 456/456 455/455
f 489/489 490/490 457/457 456/456
f 490/490 491/491 458/458 457/457
f 491/491 492/492 459/459 458/458
f 492/492 493/493 460/460 459/459
f 493/493 494/494 461/461 460/460
f 494/494 495/495 462/462 461/461
f 496/496 497/497 464/464 463/463
f 497/497 498/498 465/465 464/464
f 498/498 499/499 466/466 465/465
f 499/499 500/500 467/467 466/466
f 500/500 501/501 468/468 467/467
f 501/501 502/502 469/469 468/468
f 502/502 503/503 470/470 469/469
f 503/503 504/504 471/471 470/470
f 504/504 505/505 472/472 471/471
f 505/505 506/506 473/473 472/472
f 506/506 507/507 474/474 473/473
f 507/507 508/508 475/475 474/474
f 508/508 509/509 476/476 475/475
f 509/509 510/510 477/477 476/476
f 510/510 511/511 478/478 477/477
f 511/511 512/512 479/479 478/478
f 512/512 513/513 480/480 479/479
f 513/513 514/514 481/481 480/480
f 514/514 515/515 482/482 481/481
f 515/515 516/516 483/483 482/482
f 516/516 517/517 484/484 483/483
f 517/517 518/518 485/485 484/484
f 518/518 519/519 486/486 485/485
f 519/519 520/520 487/487 486/486
f 520/520 521/521 488/488 487/487
f 521/521 522/522 489/489 488/488
f 522/522 523/523 490/490 489/489
f 523/523 524/524 491/491 490/490
f 524/524 525/525 492/492 491/491
f 525/525 526/526 493/493 492/492
f 526/526 527/527 494/494 493/493
f 527/527 528/528 495/495 494/494
f 529/529 530/530 497/497 496/496
f 530/530 531/531 498/498 497/497
f 531/531 532/532 499/499 498/498
f 532/532 533/533 500/500 499/499
f 533/533 534/534 501/501 500/500
f 534/534 535/535 502/502 501/501
f 535/535 536/536 503/503 502/502
f 536/536 537/537 504/504 503/503
f 537/537 538/538 505/505 504/504
f 538/538 539/539 506/506 505/505
f 539/539 540/540 507/507 506/506
f 540/540 541/541 508/508 507/507
f 541/541 542/542 509/509 508/508
f 542/542 543/543 510/510 509/509
f 543/543 544/544 511/511 510/510
f 544/544 545/545 512/512 511/511
f 545/545 546/546 513/513 512/512
f 546/546 547/547 514/514 513/513
f 547/547 548/548 515/515 514/514
f 548/548 549/549 516/516 515/515
f 549/549 550/550 517/517 516/516
f 550/550 551/551 518/518 517/517
f 551/551 552/552 519/519 518/518
f 552/552 553/553 520/520 519/519
f 553/553 554/554 521/521 520/520
f 554/554 555/555 522/522 521/521
f 555/555 556/556 523/523 522/522
f 556/556 557/557 524/524 523/523
f 557/557 558/558 525/525 524/524
f 558/558 559/559 526/526 525/525
f 559/559 560/560 527/527 526/526
f 560/560 561/561 528/528 527/527
f 562/562 563/563 530/530 529/529
f 563/563 564/564 531/531 530/530
f 564/564 565/565 532/532 531/531
f 565/565 566/566 533/533 532/532
f 566/566 567/567 534/534 533/533
f 567/567 568/568 535/535 534/534
f 568/568 569/569 536/536 535/535
f 569/569 570/570 537/537 536/536
f 570/570 571/571 538/538 537/537
f 571/571 572/572 539/539 538/538
f 572/572 573/573 540/540 539/539
f 573/573 574/574 541/541 540/540
f 574/574 575/575 542/542 541/541
f 575/575 576/576 543/543 542/542
f 576/576 577/577 544/544 543/543
f 577/577 578/578 545/545 544/544
f 578/578 579/579 546/546 545/545
f 579/579 580/580 547/547 546/546
f 580/580 581/581 548/548 547/547
f 581/581 582/582 549/549 548/548
f 582/582 583/583 550/550 549/549
f 583/583 584/584 551/551 550/550
f 584/584 585/585 552/552 551/551
f 585/585 586/586 553/553 552/552
f 586/586 587/587 554/554 553/553
f 587/587 588/588 555/555 554/554
f 588/588 589/589 556/556 555/555
f 589/589 590/590 557/557 556/556
f 590/590 591/591 558/558 557/557
f 591/591 592/592 559/559 558/558
f 592/592 593/593 560/560 559/559
f 593/593 594/594 561/561 560/560
f 595/595 596/596 563/563 562/562
f 596/596 597/597 564/564 563/563
f 597/597 598/598 565/565 564/564
f 598/598 599/599 566/566 565/565
f 599/599 600/600 567/567 566/566
f 600/600 601/601 568/568 567/567
f 601/601 602/602 569/569 568/568
f 602/602 603/603 570/570 569/569
f 603/603 604/604 571/571 570/570
f 604/604 605/605 572/572 571/571
f 605/605 606/606 573/573 572/572
f 606/606 607/607 574/574 573/573
f 607/607 608/608 575/575 574/574
f 608/608 609/609 576/576 575/575
f 609/609 610/610 577/577 576/576
f 610/610 611/611 578/578 577/577
f 611/611 612/612 579/579 578/578
f 612/612 613/613 580/580 579/579
f 613/613 614/614 581/581 580/580
f 614/614 615/615 582/582 581/581
f 615/615 616/616 583/583 582/582
f 616/616 617/617 584/584 583/583
f 617/617 618/618 585/585 584/584
f 618/618 619/619 586/586 585/585
f 619/619 620/620 587/587 586/586
f 620/620 621/621 588/588 587/587
f 621/621 622/622 589/589 588/588
f 622/622 623/623 590/590 589/589
f 623/623 624/624 591/591 590/590
f 624/624 625/625 592/592 591/591
f 625/625 626/626 593/593 592/592
f 626/626 627/627 594/594 593/593
f 628/628 629/629 596/596 595/595
f 629/629 630/630 597/597 596/596
f 630/630 631/631 598/598 597/597
f 631/631 632/632 599/599 598/598
f 632/632 633/633 600/600 599/599
f 633/633 634/634 601/601 600/600
f 634/634 635/635 602/602 601/601
f 635/635 636/636 603/603 602/602
f 636/636 637/637 604/604 603/603
f 637/637 638/638 605/605 604/604
f 638/638 639/639 606/606 605/605
f 639/639 640/640 607/607 606/606
f 640/640 641/641 608/608 607/607
f 641/641 642/642 609/609 608/608
f 642/642 643/643 610/610 609/609
f 643/643 644/644 611/611 610/610
f 644/644 645/645 612/612 611/611
f 645/645 646/646 613/613 612/612
f 646/646 647/647 614/614 613/613
f 647/647 648/648 615/615 614/614
f 648/648 649/649 616/616 615/615
f 649/649 650/650 617/617 616/616
f 650/650 651/651 618/618 617/617
f 651/651 652/652 619/619 618/618
f 652/652 653/653 620/620 619/619
f 653/653 654/654 621/621 620/620
f 654/654 655/655 622/622 621/621
f 655/655 656/656 623/623 622/622
f 656/656 657/657 624/624 623/623
f 657/657 658/658 625/625 624/624
f 658/658 659/659 626/626 625/625
f 659/659 660/660 627/627 626/626
f 661/661 662/662 629/629 628/628
f 662/662 663/663 630/630 629/629
f 663/663 664/664 631/631 630/630
f 664/664 665/665 632/632 631/631
f 665/665 666/666 633/633 632/632
f 666/666 667/667 634/634 633/633
f 667/667 668/668 635/635 634/634
f 668/668 669/669 636/636 635/635
f 669/669 670/670 637/637 636/636
f 670/670 671/671 638/638 637/637
f 671/671 672/672 639/639 638/638
f 672/672 673/673 640/640 639/639
f 673/673 674/674 641/641 640/640
f 674/674 675/675 642/642 641/641
f 675/675 676/676 643/643 642/642
f 676/676 677/677 644/644 643/643
f 677/677 678/678 645/645 644/644
f 678/678 679/679 646/646 645/645
f 679/679 680/680 647/647 646/646
f 680/680 681/681 648/648 647/647
f 681/681 682/682 649/649 648/648
f 682/682 683/683 650/650 649/649
f 683/683 684/684 651/651 650/650
f 684/684 685/685 652/652 651/651
f 685/685 686/686 653/653 652/652
f 686/686 687/687 654/654 653/653
f 687/687 688/688 655/655 654/654
f 688/688 689/689 656/656 655/655
f 689/689 690/690 657/657 656/656
f 690/690 691/691 658/658 657/657
f 691/691 692/692 659/659 658/658
f 692/692 693/693 660/660 659/659
f 694/694 695/695 662/662 661/661
f 695/695 696/696 663/663 662/662
f 696/696 697/697 664/664 663/663
f 697/697 698/698 665/665 664/664
f 698/698 699/699 666/666 665/665
f 699/699 700/700 667/667 666/666
f 700/700 701/701 668/668 667/667
f 701/701 702/702 669/669 668/668
f 702/702 703/703 670/670 669/669
f 703/703 704/704 671/671 670/670
f 704/704 705/705 672/672 671/671
f 705/705 706/706 673/673 672/672
f 706/706 707/707 674/674 673/673
f 707/707 708/708 675/675 674/674
f 708/708 709/709 676/676 675/675
f 709/709 710/710 677/677 676/676
f 710/710 711/711 678/678 677/677
f 711/711 712/712 679/679 678/678
f 712/712 713/713 680/680 679/679
f 713/713 714/714 681/681 680/680
f 714/714 715/715 682/682 681/681
f 715/715 716/716 683/683 682/682
f 716/716 717/717 684/684 683/683
f 717/717 718/718 685/685 684/684
f 718/718 719/719 686/686 685/685
f 719/719 720/720 687/687 686/686
f 720/720 721/721 688/688 687/687
f 721/721 722/722 689/689 688/688
f 722/722 723/723 690/690 689/689
f 723/723 724/724 691/691 690/690
f 724/724 725/725 692/692 691/691
f 725/725 726/726 693/693 692/692
f 727/727 728/728 695/695 694/694
f 728/728 729/729 696/696 695/695
f 729/729 730/730 697/697 696/696
f 730/730 731/731 698/698 697/697
f 731/731 732/732 699/699 698/698
f 732/732 733/733 700/700 699/699
f 733/733 734/734 701/701 700/700
f 734/734 735/735 702/702 701/701
f 735/735 736/736 703/703 702/702
f 736/736 737/737 704/704 703/703
f 737/737 738/738 705/705 704/704
f 738/738 739/739 706/706 705/705
f 739/739 740/740 707/707 706/706
f 740/740 741/741 708/708 707/707
f 741/741 742/742 709/709 708/708
f 742/742 743/743 710/710 709/709
f 743/743 744/744 711/711 710/710
f 744/744 745/745 712/712 711/711
f 745/745 746/746 713/713 712/712
f 746/746 747/747 714/714 713/713
f 747/747 748/748 715/715 714/714
f 748/748 749/749 716/716 715/715
f 749/749 750/750 717/717 716/716
f 750/750 751/751 718/718 717/717
f 751/751 752/752 719/719 718/718
f 752/752 753/753 720/720 719/719
f 753/753 754/754 721/721 720/720
f 754/754 755/755 722/722 721/721
f 755/755 756/756 723/723 722/722
f 756/756 757/757 724/724 723/723
f 757/757 758/758 725/725 724/724
f 758/758 759/759 726/726 725/725
f 760/760 761/761 728/728 727/727
f 761/761 762/762 729/729 728/728
f 762/762 763/763 730/730 729/729
f 763/763 764/764 731/731 730/730
f 764/764 765/765 732/732 731/731
f 765/765 766/766 733/733 732/732
f 766/766 767/767 734/734 733/733
f 767/767 768/768 735/735 734/734
f 768/768 769/769 736/736 735/735
f 769/769 770/770 737/737 736/736
f 770/770 771/771 738/738 737/737
f 771/771 772/772 739/739 738/738
f 772/772 773/773 740/740 739/739
f 773/773 774/774 741/741 740/740
f 774/774 775/775 742/742 741/741
f 775/775 776/776 743/743 742/742
f 776/776 777/777 744/744 743/743
f 777/777 778/778 745/745 744/744
f 778/778 779/779 746/746 745/745
f 779/779 780/780 747/747 746/746
f 780/780 781/781 748/748 747/747
f 781/781 782/782 749/749 748/748
f 782/782 783/783 750/750 749/749
f 783/783 784/784 751/751 750/750
f 784/784 785/785 752/752 751/751
f 785/785 786/786 753/753 752/752
f 786/786 787/787 754/754 753/753
f 787/787 788/788 755/755 754/754
f 788/788 789/789 756/756 755/755
f 789/789 790/790 757/757 756/756
f 790/790 791/791 758/758 757/757
f 791/791 792/792 759/759 758/758
f 793/793 794/794 761/761 760/760
f 794/794 795/795 762/762 761/761
f 795/795 796/796 763/763 762/762
f 796/796 797/797 764/764 763/763
f 797/797 798/798 765/765 764/764
f 798/798 799/799 766/766 765/765
f 799/799 800/800 767/767 766/766
f 800/800 801/801 768/768 767/767
f 801/801 802/802 769/769 768/768
f 802/802 803/803 770/770 769/769
f 803/803 804/804 771/771 770/770
f 804/804 805/805 772/772 771/771
f 805/805 806/806 773/773 772/772
f 806/806 807/807 774/774 773/773
f 807/807 808/808 775/775 774/774
f 808/808 809/809 776/776 775/775
f 809/809 810/810 777/777 776/776
f 810/810 811/811 778/778 777/777
f 811/811 812/812 779/779 778/778
f 812/812 813/813 780/780 779/779
f 813/813 814/814 781/781 780/780
f 814/814 815/815 782/782 781/781
f 815/815 816/816 783/783 782/782
f 816/816 817/817 784/784 783/783
f 817/817 818/818 785/785 784/784
f 818/818 819/819 786/786 785/785
f 819/819 820/820 787/787 786/786
f 820/820 821/821 788/788 787/787
f 821/821 822/822 789/789 788/788
f 822/822 823/823 790/790 789/789
f 823/823 824/824 791/791 790/790
f 824/824 825/825 792/792 791/791
f 826/826 827/827 794/794 793/793
f 827/827 828/828 795/795 794/794
f 828/828 829/829 796/796 795/795
f 829/829 830/830 797/797 796/796
f 830/830 831/831 798/798 797/797
f 831/831 832/832 799/799 798/798
f 832/832 833/833 800/800 799/799
f 833/833 834/834 801/801 800/800
f 834/834 835/835 802/802 801/801
f 835/835 836/836 803/803 802/802
f 836/836 837/837 804/804 803/803
f 837/837 838/838 805/805 804/804
f 838/838 839/839 806/806 805/805
f 839/839 840/840 807/807 806/806
f 840/840 841/841 808/808 807/807
f 841/841 842/842 809/809 808/808
f 842/842 843/843 810/810 809/809
f 843/843 844/844 811/811 810/810
f 844/844 845/845 812/812 811/811
f 845/845 846/846 813/813 812/812
f 846/846 847/847 814/814 813/813
f 847/847 848/848 815/815 814/814
f 848/848 849/849 816/816 815/815
f 849/849 850/850 817/817 816/816
f 850/850 851/851 818/818 817/817
f 851/851 852/852 819/819 818/818
f 852/852 853/853 820/820 819/819
f 853/853 854/854 821/821 820/820
f 854/854 855/855 822/822 821/821
f 855/855 856/856 823/823 822/822
f 856/856 857/857 824/824 823/823
f 857/857 858/858 825/825 824/824
f 859/859 860/860 827/827 826/826
f 860/860 861/861 828/828 827/827
f 861/861 862/862 829/829 828/828
f 862/862 863/863 830/830 829/829
f 863/863 864/864 831/831 830/830
f 864/864 865/865 832/832 831/831
f 865/865 866/866 833/833 832/832
f 866/866 867/867 834/834 833/833
f 867/867 868/868 835/835 834/834
f 868/868 869/869 836/836 835/835
f 869/869 870/870 837/837 836/836
f 870/870 871/871 838/838 837/837
f 871/871 872/872 839/839 838/838
f 872/872 873/873 840/840 839/839
f 873/873 874/874 841/841 840/840
f 874/874 875/875 842/842 841/841
f 875/875 876/876 843/843 842/842
f 876/876 877/877 844/844 843/843
f 877/877 878/878 845/845 844/844
f 878/878 879/879 846/846 845/845
f 879/879 880/880 847/847 846/846
f 880/880 881/881 848/848 847/847
f 881/881 882/882 849/849 848/848
f 882/882 883/883 850/850 849/849
f 883/883 884/884 851/851 850/850
f 884/884 885/885 852/852 851/851
f 885/885 886/886 853/853 852/852
f 886/886 887/887 854/854 853/853
f 887/887 888/888 855/855 854/854
f 888/888 889/889 856/856 855/855
f 889/889 890/890 857/857 856/856
f 890/890 891/891 858/858 857/857
f 892/892 893/893 860/860 859/859
f 893/893 894/894 861/861 860/860
f 894/894 895/895 862/862 861/861
f 895/895 896/896 863/863 862/862
f 896/896 897/897 864/864 863/863
f 897/897 898/898 865/865 864/864
f 898/898 899/899 866/866 865/865
f 899/899 900/900 867/867 866/866
f 900/900 901/901 868/868 867/867
f 901/901 902/902 869/869 868/868
f 902/902 903/903 870/870 869/869
f 903/903 904/904 871/871 870/870
f 904/904 905/905 872/872 871/871
f 905/905 906/906 873/873 872/872
f 906/906 907/907 874/874 873/873
f 907/907 908/908 875/875 874/874
f 908/908 909/909 876/876 875/875
f 909/909 910/910 877/877 876/876
f 910/910 911/911 878/878 877/877
f 911/911 912/912 879/879 878/878
f 912/912 913/913 880/880 879/879
f 913/913 914/914 881/881 880/880
f 914/914 915/915 882/882 881/881
f 915/915 916/916 883/883 882/882
f 916/916 917/917 884/884 883/883
f 917/917 918/918 885/885 884/884
f 918/918 919/919 886/886 885/885
f 919/919 920/920 887/887 886/886
f 920/920 921/921 888/888 887/887
f 921/921 922/922 889/889 888/888
f 922/922 923/923 890/890 889/889
f 923/923 924/924 891/891 890/890
f 925/925 926/926 893/893 892/892
f 926/926 927/927 894/894 893/893
f 927/927 928/928 895/895 894/894
f 928/928 929/929 896/896 895/895
f 929/929 930/930 897/897 896/896
f 930/930 931/931 898/898 897/897
f 931/931 932/932 899/899 898/898
f 932/932 933/933 900/900 899/899
f 933/933 934/934 901/901 900/900
f 934/934 935/935 902/902 901/901
f 935/935 936/936 903/903 902/902
f 936/936 937/937 904/904 903/903
f 937/937 938/938 905/905 904/904
f 938/938 939/939 906/906 905/905
f 939/939 940/940 907/907 906/906
f 940/940 941/941 908/908 907/907
f 941/941 942/942 909/909 908/908
f 942/942 943/943 910/910 909/909
f 943/943 944/944 911/911 910/910
f 944/944 945/945 912/912 911/911
f 945/945 946/946 913/913 912/912
f 946/946 947/947 914/914 913/913
f 947/947 948/948 915/915 914/914
f 948/948 949/949 916/916 915/915
f 949/949 950/950 917/917 916/916
f 950/950 951/951 918/918 917/917
f 951/951 952/952 919/919 918/918
f 952/952 953/953 920/920 919/919
f 953/953 954/954 921/921 920/920
f 954/954 955/955 922/922 921/921
f 955/955 956/956 923/923 922/922
f 956/956 957/957 924/924 923/923
f 958/958 959/959 926/926 925/925
f 959/959 960/960 927/927 926/926
f 960/960 961/961 928/928 927/927
f 961/961 962/962 929/929 928/928
f 962/962 963/963 930/930 929/929
f 963/963 964/964 931/931 930/930
f 964/964 965/965 932/932 931/931
f 965/965 966/966 933/933 932/932
f 966/966 967/967 934/934 933/933
f 967/967 968/968 935/935 934/934
f 968/968 969/969 936/936 935/935
f 969/969 970/970 937/937 936/936
f 970/970 971/971 938/938 937/937
f 971/971 972/972 939/939 938/938
f 972/972 973/973 940/940 939/939
f 973/973 974/974 941/941 940/940
f 974/974 975/975 942/942 941/941
f 975/975 976/976 943/943 942/942
f 976/976 977/977 944/944 943/943
f 977/977 978/978 945/945 944/944
f 978/978 979/979 946/946 945/945
f 979/979 980/980 947/947 946/946
f 980/980 981/981 948/948 947/947
f 981/981 982/982 949/949 948/948
f 982/982 983/983 950/950 949/949
f 983/983 984/984 951/951 950/950
f 984/984 985/985 952/952 951/951
f 985/985 986/986 953/953 952/952
f 986/986 987/987 954/954 953/953
f 987/987 988/988 955/955 954/954
f 988/988 989/989 956/956 955/955
f 989/989 990/990 957/957 956/956
f 991/991 992/992 959/959 958/958
f 992/992 993/993 960/960 959/959
f 993/993 994/994 961/961 960/960
f 994/994 995/995 962/962 961/961
f 995/995 996/996 963/963 962/962
f 996/996 997/997 964/964 963/963
f 997/997 998/998 965/965 964/964
f 998/998 999/999 966/966 965/965
f 999/999 1000/1000 967/967 966/966
f 1000/1000 1001/1001 968/968 967/967
f 1001/1001 1002/1002 969/969 968/968
f 1002/1002 1003/1003 970/970 969/969
f 1003/1003 1004/1004 971/971 970/970
f 1004/1004 1005/1005 972/972 971/971
f 1005/1005 1006/1006 973/973 972/972
f 1006/1006 1007/1007 974/974 973/973
f 1007/1007 1008/1008 975/975 974/974
f 1008/1008 1009/1009 976/976 975/975
f 1009/1009 1010/1010 977/977 976/976
f 1010/1010 1011/1011 978/978 977/977
f 1011/1011 1012/1012 979/979 978/978
f 1012/1012 1013/1013 980/980 979/979
f 1013/1013 1014/1014 981/981 980/980
f 1014/1014 1015/1015 982/982 981/981
f 1015/1015 1016/1016 983/983 982/982
f 1016/1016 1017/1017 984/984 983/983
f 1017/1017 1018/1018 985/985 984/984
f 1018/1018 1019/1019 986/986 985/985
f 1019/1019 1020/1020 987/987 986/986
f 1020/1020 1021/1021 988/988 987/987
f 1021/1021 1022/1022 989/989 988/988
f 1022/1022 1023/1023 990/990 989/989
f 1024/1024 1025/1025 992/992 991/991
f 1025/1025 1026/1026 993/993 992/992
f 1026/1026 1027/1027 994/994 993/993
f 1027/1027 1028/1028 995/995 994/994
f 1028/1028 1029/1029 996/996 995/995
f 1029/1029 1030/1030 997/997 996/996
f 1030/1030 1031/1031 998/998 997/997
f 1031/1031 1032/1032 999/999 998/998
f 1032/1032 1033/1033 1000/1000 999/999
f 1033/1033 1034/1034 1001/1001 1000/1000
f 1034/1034 1035/1035 1002/1002 1001/1001
f 1035/1035 1036/1036 1003/1003 1002/1002
f 1036/1036 1037/1037 1004/1004 1003/1003
f 1037/1037 1038/1038 1005/1005 1004/1004
f 1038/1038 1039/1039 1006/1006 1005/1005
f 1039/1039 1040/1040 1007/1007 1006/1006
f 1040/1040 1041/1041 1008/1008 1007/1007
f 1041/1041 1042/1042 1009/1009 1008/1008
f 1042/1042 1043/1043 1010/1010 1009/1009
f 1043/1043 1044/1044 1011/1011 1010/1010
f 1044/1044 1045/1045 1012/1012 1011/1011
f 1045/1045 1046/1046 1013/1013 1012/1012
f 1046/1046 1047/1047 1014/1014 1013/1013
f 1047/1047 1048/1048 1015/1015 1014/1014
f 1048/1048 1049/1049 1016/1016 1015/1015
f 1049/1049 1050/1050 1017/1017 1016/1016
f 1050/1050 1051/1051 1018/1018 1017/1017
f 1051/1051 1052/1052 1019/1019 1018/1018
f 1052/1052 1053/1053 1020/1020 1019/1019
f 1053/1053 1054/1054 1021/1021 1020/1020
f 1054/1054 1055/1055 1022/1022 1021/1021
f 1055/1055 1056/1056 1023/1023 1022/1022
f 1057/1057 1058/1058 1025/1025 1024/1024
f 1058/1058 1059/1059 1026/1026 1025/1025
f 1059/1059 1060/1060 1027/1027 1026/1026
f 1060/1060 1061/1061 1028/1028 1027/1027
f 1061/1061 1062/1062 1029/1029 1028/1028
f 1062/1062 1063/1063 1030/1030 1029/1029
f 1063/1063 1064/1064 1031/1031 1030/1030
f 1064/1064 1065/1065 1032/1032 1031/1031
f 1065/1065 1066/1066 1033/1033 1032/1032
f 1066/1066 1067/1067 1034/1034 1033/1033
f 1067/1067 1068/1068 1035/1035 1034/1034
f 1068/1068 1069/1069 1036/1036 1035/1035
f 1069/1069 1070/1070 1037/1037 1036/1036
f 1070/1070 1071/1071 1038/1038 1037/1037
f 1071/1071 1072/1072 1039/1039 1038/1038
f 1072/1072 1073/1073 1040/1040 1039/1039
f 1073/1073 1074/1074 1041/1041 1040/1040
f 1074/1074 1075/1075 1042/1042 1041/1041
f 1075/1075 1076/1076 1043/1043 1042/1042
f 1076/1076 1077/1077 1044/1044 1043/1043
f 1077/1077 1078/1078 1045/1045 1044/1044
f 1078/1078 1079/1079 1046/1046 1045/1045
f 1079/1079 1080/1080 1047/1047 1046/1046
f 1080/1080 1081/1081 1048/1048 1047/1047
f 1081/1081 1082/1082 1049/1049 1048/1048
f 1082/1082 1083/1083 1050/1050 1049/1049
f 1083/1083 1084/1084 1051/1051 1050/1050
f 1084/1084 1085/1085 1052/1052 1051/1051
f 1085/1085 1086/1086 1053/1053 1052/1052
f 1086/1086 1087/1087 1054/1054 1053/1053
f 1087/1087 1088/1088 1055/1055 1054/1054
f 1088/1088 1089/1089 1056/1056 1055/1055
